Time,Time_step,act_pos1,act_pos2,act_pos3,act_pos4,act_pos5,act_pos6,act_pos7,des_pos1,des_pos2,des_pos3,des_pos4,des_pos5,des_pos6,des_pos7,trq1,trq2,trq3,trq4,trq5,trq6,trq7,mode
0.10034370422363281,0,-0.19519483113256259,0.9225243898607162,1.1409224763167531,-1.4290362950460511,-1.1145314065007865,2.058143932739893,1.6353059945818451,0,0,0,0,0,0,0,0,0,0,0,0,0,0,no_guidance
0.11706328392028809,0,-0.19519483113256259,0.9225243898607162,1.1409224763167531,-1.4290362950460511,-1.1145314065007865,2.058143932739893,1.6353059945818451,0,0,0,0,0,0,0,0,0,0,0,0,0,0,no_guidance
0.1337113380432129,0,-0.19497362656127423,0.9225312170450614,1.1409179051230707,-1.4288937291344028,-1.1145764312483142,2.0581432206630703,1.6353050492625354,0,0,0,0,0,0,0,0,0,0,0,0,0,0,no_guidance
0.15042638778686523,0,-0.19472880577935772,0.9225392422632935,1.1409099122584525,-1.4287414341470634,-1.1146357283502157,2.0581425085862475,1.6353092826210085,0,0,0,0,0,0,0,0,0,0,0,0,0,0,no_guidance
0.16708016395568848,0,-0.19448114464646624,0.922550787002996,1.1409107265557712,-1.4285612958532468,-1.1147295726427622,2.0581461706956223,1.635307013810453,0,0,0,0,0,0,0,0,0,0,0,0,0,0,no_guidance
0.18378257751464844,0,-0.19419016975132258,0.9225604625380907,1.1409121402399915,-1.4283251004733595,-1.1148346432590406,2.0581461706956223,1.6353079900810625,0,0,0,0,0,0,0,0,0,0,0,0,0,0,no_guidance
0.20044231414794922,0,-0.19388067325304226,0.9225709386891857,1.1409082445179863,-1.42805705708718,-1.11491045488097,2.0581482956232846,1.6353081089797474,0,0,0,0,0,0,0,0,0,0,0,0,0,0,no_guidance
0.2171475887298584,0,-0.19351832080763576,0.9225922331728599,1.140906601927355,-1.4277019775740327,-1.1149463404410693,2.058146564787201,1.6353036363518045,0,0,0,0,0,0,0,0,0,0,0,0,0,0,no_guidance
0.233778715133667,0,-0.19312751442642315,0.9226252347094454,1.1409065831348182,-1.4272950074961335,-1.1149681795895312,2.0581456163047456,1.6353099976042564,0,0,0,0,0,0,0,0,0,0,0,0,0,0,no_guidance
0.2504885196685791,0,-0.19272329476450129,0.922671614650903,1.1409082444006937,-1.4268348795339096,-1.1149897727278184,2.058145463483981,1.635304297571061,0,0,0,0,0,0,0,0,0,0,0,0,0,0,no_guidance
0.26712751388549805,0,-0.19233975839829467,0.9227117884117525,1.140909914836549,-1.4263523551678976,-1.1150056556874577,2.0581456199874686,1.6353101178514393,0,0,0,0,0,0,0,0,0,0,0,0,0,0,no_guidance
0.2838709354400635,0,-0.19192389534152718,0.9227596783832308,1.1409046251230073,-1.4257863798102084,-1.115020752342543,2.0581468758362726,1.6353105428020163,0,0,0,0,0,0,0,0,0,0,0,0,0,0,no_guidance
0.30051183700561523,0,-0.19150087283831105,0.9228253204044192,1.1409072112535175,-1.4251927582194315,-1.1150263115872607,2.0581480826791436,1.6353099615799327,0,0,0,0,0,0,0,0,0,0,0,0,0,0,no_guidance
0.31720781326293945,0,-0.19108792760643079,0.9229247092296599,1.140905114495001,-1.424618080541358,-1.1150252937739484,2.058149160023728,1.6353061136402443,0,0,0,0,0,0,0,0,0,0,0,0,0,0,no_guidance
0.33388209342956543,0,-0.1906055806623928,0.923054530436008,1.1408980656005292,-1.4239461700898322,-1.115026618361473,2.058147931808952,1.6353119915270085,0,0,0,0,0,0,0,0,0,0,0,0,0,0,no_guidance
0.35057783126831055,0,-0.19009068405311302,0.9232360733604211,1.140884316443138,-1.4232210939207692,-1.1150252959330877,2.0581432746624535,1.635307986701528,0,0,0,0,0,0,0,0,0,0,0,0,0,0,no_guidance
0.3672924041748047,0,-0.18958251796469064,0.9234531590657673,1.1408756249969503,-1.4224855812545565,-1.1150252959330877,2.0581435832443975,1.6353086968402595,0,0,0,0,0,0,0,0,0,0,0,0,0,0,no_guidance
0.38393330574035645,0,-0.18903014443161592,0.9237521504163556,1.1408830898579476,-1.421640961113644,-1.1150252959330877,2.0581435738784473,1.6353079867015199,0,0,0,0,0,0,0,0,0,0,0,0,0,0,no_guidance
0.4005904197692871,0,-0.18847824456625958,0.9240665382749291,1.1408970185082312,-1.4207962700147843,-1.1150239735047023,2.058151957010053,1.6353119963722014,0,0,0,0,0,0,0,0,0,0,0,0,0,0,no_guidance
0.4172782897949219,0,-0.18797542715163312,0.9243262665531031,1.1408982856612737,-1.4200664135685515,-1.1150239735047023,2.058155308818082,1.6353127084490326,0,0,0,0,0,0,0,0,0,0,0,0,0,0,no_guidance
0.4339766502380371,0,-0.18745156168537203,0.9245736369477835,1.140890854557805,-1.4193853105462715,-1.1150239735047023,2.058153075297673,1.6353104704933035,0,0,0,0,0,0,0,0,0,0,0,0,0,0,no_guidance
0.4507126808166504,0,-0.18693676579061164,0.9247957599375508,1.1408853043877822,-1.4187722645555694,-1.1150252959330877,2.0581502269903815,1.6353175721879687,0,0,0,0,0,0,0,0,0,0,0,0,0,0,no_guidance
0.46735429763793945,0,-0.18641296997746576,0.9250201995393076,1.1408670339710594,-1.4181804190434093,-1.1150252959330877,2.0581502269903815,1.635315658481507,0,0,0,0,0,0,0,0,0,0,0,0,0,0,no_guidance
0.48402929306030273,0,-0.1859114799192309,0.9252437401157112,1.14085111717332,-1.417607917610879,-1.1150245838562647,2.058151651144027,1.6353167585554402,0,0,0,0,0,0,0,0,0,0,0,0,0,0,no_guidance
0.5006811618804932,0,-0.18537570602400513,0.925478015433606,1.1408405520074358,-1.4169932358717645,-1.1150239735047023,2.0581523632746856,1.6353144007065632,0,0,0,0,0,0,0,0,0,0,0,0,0,0,no_guidance
0.5173947811126709,0,-0.18483304317510615,0.9257005175966252,1.140835641597622,-1.416413965301395,-1.115023852823693,2.0581523632210716,1.6353245916627028,0,0,0,0,0,0,0,0,0,0,0,0,0,0,no_guidance
0.5340538024902344,0,-0.18434574631490167,0.9259124793751057,1.1408359675697637,-1.4158710928330216,-1.1150232614278766,2.058154948737886,1.6353244153700859,0,0,0,0,0,0,0,0,0,0,0,0,0,0,no_guidance
0.5508060455322266,0,-0.1838388017184077,0.926110601970483,1.140838952255972,-1.4153026051653548,-1.1150232614278794,2.0581546190238718,1.6353237170295583,0,0,0,0,0,0,0,0,0,0,0,0,0,0,no_guidance
0.5674793720245361,0,-0.1833426522491146,0.9262938305499313,1.1408476857869774,-1.4147342342177018,-1.1150232614278794,2.0581549676887727,1.6353237170295583,0,0,0,0,0,0,0,0,0,0,0,0,0,0,no_guidance
0.5841524600982666,0,-0.18288005103263766,0.9264617567187224,1.1408443482214945,-1.4141523101197033,-1.1150225493508292,2.058157011915824,1.6353273922208855,0,0,0,0,0,0,0,0,0,0,0,0,0,0,no_guidance
0.600823163986206,0,-0.18238068683964265,0.9266463816003873,1.140840728943808,-1.4134843557889403,-1.115022549344925,2.0581571272291224,1.6353259682287453,0,0,0,0,0,0,0,0,0,0,0,0,0,0,no_guidance
0.6175088882446289,0,-0.18183422821903597,0.9268686506288214,1.1408359875331293,-1.4127355705992306,-1.1150225487985643,2.0581542766426613,1.6353331572152523,0,0,0,0,0,0,0,0,0,0,0,0,0,0,no_guidance
0.6341865062713623,0,-0.1812997904200745,0.9270935997323443,1.1408395783795362,-1.4119532513055064,-1.1150208604099763,2.058154982273997,1.6353310355257338,0,0,0,0,0,0,0,0,0,0,0,0,0,0,no_guidance
0.6508548259735107,0,-0.18070082075976418,0.9273550348401928,1.140849381839671,-1.4110642106176787,-1.1150211861988082,2.058151708504762,1.635328483893746,0,0,0,0,0,0,0,0,0,0,0,0,0,0,no_guidance
0.6675405502319336,0,-0.18006623869814858,0.9276142145067582,1.1408534541379574,-1.4101273224526438,-1.1150154331473217,2.0581563012336694,1.6353329611448897,0,0,0,0,0,0,0,0,0,0,0,0,0,0,no_guidance
0.6842091083526611,0,-0.17944927973506178,0.9278629669693983,1.1408549141521842,-1.4092075509412079,-1.115015017412097,2.058152173642795,1.6353351992683276,0,0,0,0,0,0,0,0,0,0,0,0,0,0,no_guidance
0.7008895874023438,0,-0.17878479764803126,0.9281374534873567,1.1408598167347794,-1.408201681910662,-1.1150130846852766,2.0581503510814003,1.6353359113451504,0,0,0,0,0,0,0,0,0,0,0,0,0,0,no_guidance
0.7176377773284912,0,-0.1781118906943152,0.9284213952279198,1.1408680466812973,-1.4072324232205973,-1.1150090151230494,2.058154152285468,1.635329909554786,0,0,0,0,0,0,0,0,0,0,0,0,0,0,no_guidance
0.734302282333374,0,-0.1774310588092369,0.9286707672789735,1.1408661348275728,-1.4063312867147344,-1.1150084042869701,2.0581518018555784,1.635331435433692,0,0,0,0,0,0,0,0,0,0,0,0,0,0,no_guidance
0.7510106563568115,0,-0.17677896965913495,0.9289061654128197,1.1408638515199663,-1.4055422471104932,-1.1150049724187967,2.0581466232027252,1.6353374372240568,0,0,0,0,0,0,0,0,0,0,0,0,0,0,no_guidance
0.7676687240600586,0,-0.17609886870505015,0.9291693036345052,1.1408694500843755,-1.404778636420544,-1.1150023139715195,2.05814800378557,1.6353383193662585,0,0,0,0,0,0,0,0,0,0,0,0,0,0,no_guidance
0.7843902111053467,0,-0.1754913051772731,0.9293965867048304,1.1408747654124165,-1.4041508447157844,-1.1150049588282902,2.0581490724666462,1.6353436253639357,0,0,0,0,0,0,0,0,0,0,0,0,0,0,no_guidance
0.8010613918304443,0,-0.17491571131586198,0.9295829885736399,1.1408779840635923,-1.403623481616752,-1.115002924323082,2.0581509323590024,1.6353451556281908,0,0,0,0,0,0,0,0,0,0,0,0,0,0,no_guidance
0.8178081512451172,0,-0.1744108458761973,0.9297272480882541,1.1408812027144102,-1.4032385888864667,-1.115002924323082,2.0581487190651915,1.6353454479185012,0,0,0,0,0,0,0,0,0,0,0,0,0,0,no_guidance
0.8344936370849609,0,-0.1739593547929075,0.9298247835491117,1.1408775834367983,-1.4029808438890268,-1.1150042467513934,2.0581541066787863,1.63535469180675,0,0,0,0,0,0,0,0,0,0,0,0,0,0,no_guidance
0.8511712551116943,0,-0.17354530245116612,0.9298875969728363,1.1408704263620206,-1.402800522941404,-1.115003636399905,2.0581487012916972,1.635357934783278,0,0,0,0,0,0,0,0,0,0,0,0,0,0,no_guidance
0.867821455001831,0,-0.17311615570611583,0.9299535908943868,1.1408640637668754,-1.4026294418593175,-1.1150042467514674,2.0581512202829053,1.6353689758987753,0,0,0,0,0,0,0,0,0,0,0,0,0,0,no_guidance
0.8845226764678955,0,-0.1727091916938289,0.9300165114628182,1.140869353478415,-1.4024402589920524,-1.1150042423908166,2.058150350566326,1.6353768348632471,0,0,0,0,0,0,0,0,0,0,0,0,0,0,no_guidance
0.9011640548706055,0,-0.17235613175863201,0.9300631535811072,1.1408726943501255,-1.4022530968897267,-1.115003636399905,2.058149520781598,1.635380890739289,0,0,0,0,0,0,0,0,0,0,0,0,0,0,no_guidance
0.9178812503814697,0,-0.17199488372031468,0.930088272177128,1.1408727329438284,-1.4020231129478873,-1.115003636399905,2.058149554215466,1.6353863716542656,0,0,0,0,0,0,0,0,0,0,0,0,0,0,no_guidance
0.9345884323120117,0,-0.17164721127983734,0.9300875435317221,1.1408810967488527,-1.401761629993849,-1.115003636399905,2.0581502767619364,1.6353972578554135,0,0,0,0,0,0,0,0,0,0,0,0,0,0,no_guidance
0.9512841701507568,0,-0.17131046125304628,0.9300874535697747,1.1408812027144823,-1.4014594853765667,-1.115004246589962,2.0581513265477813,1.6353999627002824,0,0,0,0,0,0,0,0,0,0,0,0,0,0,no_guidance
0.9679014682769775,0,-0.17095930803504095,0.9300927702649189,1.1408812027144848,-1.4010831024593307,-1.1150023139655378,2.0581476644709316,1.635408905635422,0,0,0,0,0,0,0,0,0,0,0,0,0,0,no_guidance
0.9846129417419434,0,-0.17061203872124592,0.9301012189132621,1.1408803270072267,-1.4006615896666297,-1.1150036363976896,2.0581462452628325,1.6354167462889135,0,0,0,0,0,0,0,0,0,0,0,0,0,0,no_guidance
1.0012521743774414,0,-0.17030585608081114,0.9301075926706385,1.14088462316809,-1.4002559677887898,-1.1149995612494703,2.0581458528041927,1.635425871031225,0,0,0,0,0,0,0,0,0,0,0,0,0,0,no_guidance
1.0179738998413086,0,-0.17000827160473586,0.930110355505077,1.1408932902558566,-1.3998035994214089,-1.1149942293680657,2.058145865886136,1.6354301918954932,0,0,0,0,0,0,0,0,0,0,0,0,0,0,no_guidance
1.0346410274505615,0,-0.16971606644593001,0.9301068245365374,1.14090114643801,-1.3993401121947016,-1.1149928662379585,2.058146565042512,1.6354305148801749,0,0,0,0,0,0,0,0,0,0,0,0,0,0,no_guidance
1.051323413848877,0,-0.16942210132439078,0.9301067362333619,1.1409107659036664,-1.3988720687625957,-1.1149912556495531,2.0581458542579556,1.6354405816866002,0,0,0,0,0,0,0,0,0,0,0,0,0,0,no_guidance
1.0679776668548584,0,-0.16908396501250145,0.9301086850751911,1.1409074777803896,-1.3983549269624165,-1.114987266580592,2.058145140727361,1.6354479488080444,0,0,0,0,0,0,0,0,0,0,0,0,0,0,no_guidance
1.0846858024597168,0,-0.1687147094479247,0.9301185857204468,1.1409021880668504,-1.397808052981341,-1.114983477314313,2.0581436148484547,1.6354490107522748,0,0,0,0,0,0,0,0,0,0,0,0,0,0,no_guidance
1.1013381481170654,0,-0.16833581398447342,0.9301324406366198,1.140907239361813,-1.397272515829714,-1.114980571969636,2.0581451450880115,1.635456729156409,0,0,0,0,0,0,0,0,0,0,0,0,0,0,no_guidance
1.1180486679077148,0,-0.16791223838450267,0.9301413137638476,1.140907477766483,-1.3967010997974916,-1.114979866433863,2.058142902771632,1.6354553050117357,0,0,0,0,0,0,0,0,0,0,0,0,0,0,no_guidance
1.1347391605377197,0,-0.16747210942204696,0.9301463133932786,1.140907477780392,-1.3960871074183678,-1.1149785309235254,2.0581443269252775,1.6354553050177174,0,0,0,0,0,0,0,0,0,0,0,0,0,0,no_guidance
1.15142822265625,0,-0.16703130740305666,0.930143463189354,1.1409184925635483,-1.3954461590998375,-1.1149717282172131,2.058145140727361,1.6354544912156341,0,0,0,0,0,0,0,0,0,0,0,0,0,0,no_guidance
1.1680848598480225,0,-0.1666248923573796,0.9301337962362289,1.1409463934926272,-1.3948572264814896,-1.1149672252504115,2.0581466041270846,1.6354553051732412,0,0,0,0,0,0,0,0,0,0,0,0,0,0,no_guidance
1.1847870349884033,0,-0.1662049926102065,0.9301261330766286,1.1410120301070468,-1.3942679821187072,-1.1149656518610045,2.058147989034653,1.635458602611576,0,0,0,0,0,0,0,0,0,0,0,0,0,0,no_guidance
1.201446294784546,0,-0.16583662796815346,0.9301217271989042,1.1411598473137725,-1.3937276296362024,-1.114965637246768,2.058147989034653,1.6354588824344007,0,0,0,0,0,0,0,0,0,0,0,0,0,0,no_guidance
1.218179702758789,0,-0.1654981325097366,0.9301253464765716,1.1412969485086064,-1.393278421505634,-1.1149656372467678,2.0581487011114756,1.635457835245452,0,0,0,0,0,0,0,0,0,0,0,0,0,0,no_guidance
1.2348577976226807,0,-0.16513366176969,0.9301236760407163,1.1413900236686572,-1.3928226947716147,-1.1149663493235906,2.0581477493855864,1.6354630234156486,0,0,0,0,0,0,0,0,0,0,0,0,0,0,no_guidance
1.2515666484832764,0,-0.16475360082060683,0.9301270169124268,1.141423495250994,-1.3923455921933587,-1.114966959675153,2.058153763478208,1.6354669613001191,0,0,0,0,0,0,0,0,0,0,0,0,0,0,no_guidance
1.268193006515503,0,-0.16436150177867268,0.930128965754258,1.1414257530454286,-1.3918570259196863,-1.114966959675153,2.058153165340588,1.6354640279528139,0,0,0,0,0,0,0,0,0,0,0,0,0,0,no_guidance
1.2849268913269043,0,-0.16394326105339574,0.9301443733259015,1.1414150296930683,-1.3912942356071176,-1.114967671751976,2.0581522719137975,1.6354655669136753,0,0,0,0,0,0,0,0,0,0,0,0,0,0,no_guidance
1.3016033172607422,0,-0.16356441517081,0.9301496643769113,1.1414173374307626,-1.3908054856612928,-1.114967671751976,2.058148875699339,1.6354718465482034,0,0,0,0,0,0,0,0,0,0,0,0,0,0,no_guidance
1.3183021545410156,0,-0.16326409607525058,0.9301444557189841,1.1414173374176024,-1.390413101601678,-1.114966959675153,2.0581491720624236,1.635471034274146,0,0,0,0,0,0,0,0,0,0,0,0,0,0,no_guidance
1.3349812030792236,0,-0.1629854780159438,0.9301410337916597,1.1414310064823767,-1.3900549820713355,-1.114966959675153,2.058151058805468,1.6354673721707527,0,0,0,0,0,0,0,0,0,0,0,0,0,0,no_guidance
1.3516879081726074,0,-0.1627209896499544,0.9301352316687214,1.1414359022820741,-1.3897140285728886,-1.114967671751976,2.058154597010745,1.6354700848445856,0,0,0,0,0,0,0,0,0,0,0,0,0,0,no_guidance
1.3683393001556396,0,-0.16251848162402768,0.930136712491818,1.1414325645011767,-1.3894198351095388,-1.1149682821035385,2.058152957107362,1.6354658873410954,0,0,0,0,0,0,0,0,0,0,0,0,0,0,no_guidance
1.3850445747375488,0,-0.1623366786178912,0.9301443746514756,1.1414270353879095,-1.3891243774453856,-1.1149682821035385,2.0581520434782603,1.6354699021020633,0,0,0,0,0,0,0,0,0,0,0,0,0,0,no_guidance
1.4016985893249512,0,-0.16219927098650894,0.9301463235052008,1.1414204399615564,-1.3888636727727195,-1.1149682821035385,2.0581510897565916,1.6354713063666269,0,0,0,0,0,0,0,0,0,0,0,0,0,0,no_guidance
1.418400764465332,0,-0.16212739794137693,0.930141033791659,1.1414322068739062,-1.3886358961390084,-1.1149663493235906,2.0581495212723517,1.6354676515489215,0,0,0,0,0,0,0,0,0,0,0,0,0,0,no_guidance
1.4350483417510986,0,-0.16207568378637954,0.9301374145139727,1.1414424916373331,-1.3883849955859227,-1.114967671751976,2.0581577244176166,1.6354687870404114,0,0,0,0,0,0,0,0,0,0,0,0,0,0,no_guidance
1.4517521858215332,0,-0.16203470742340986,0.930135231347729,1.1414584814427555,-1.3881172143030782,-1.114966959675153,2.0581571313763525,1.6354664639810297,0,0,0,0,0,0,0,0,0,0,0,0,0,0,no_guidance
1.468421220779419,0,-0.16199954611025438,0.930134256764166,1.141482395863165,-1.387841453003986,-1.114966959675153,2.0581578436692554,1.6354671755897447,0,0,0,0,0,0,0,0,0,0,0,0,0,0,no_guidance
1.485105037689209,0,-0.161958964476939,0.9301363879666291,1.141503603344668,-1.387496244605016,-1.114967671751976,2.0581571315924325,1.635461493994003,0,0,0,0,0,0,0,0,0,0,0,0,0,0,no_guidance
1.5018112659454346,0,-0.1619211799419468,0.9301373005088437,1.1415178420849559,-1.3871244372812213,-1.114966959675153,2.0581571315924325,1.6354629355111336,0,0,0,0,0,0,0,0,0,0,0,0,0,0,no_guidance
1.5184805393218994,0,-0.16189518468115335,0.9301359549158875,1.1415318678556294,-1.3867276291853898,-1.1149650268952052,2.0581612633613346,1.6354584203478362,0,0,0,0,0,0,0,0,0,0,0,0,0,0,no_guidance
1.5351381301879883,0,-0.16186195954230823,0.9301360337570839,1.141575291113721,-1.3863224937108902,-1.1149630909356616,2.0581655177421285,1.635458420347836,0,0,0,0,0,0,0,0,0,0,0,0,0,0,no_guidance
1.5518152713775635,0,-0.16182360444573815,0.9301381112558001,1.141657021940507,-1.3858564421443258,-1.1149587158497445,2.0581655606018203,1.635457708271013,0,0,0,0,0,0,0,0,0,0,0,0,0,0,no_guidance
1.5684714317321777,0,-0.16177634536854288,0.9301342642891618,1.1417646618492783,-1.3853939920394502,-1.1149601393143336,2.0581648514501167,1.6354606583035651,0,0,0,0,0,0,0,0,0,0,0,0,0,0,no_guidance
1.585167646408081,0,-0.1617107689220137,0.9301349693547774,1.1418520404462005,-1.3849276141204294,-1.1149601393143336,2.0581666047632905,1.6354559357188159,0,0,0,0,0,0,0,0,0,0,0,0,0,0,no_guidance
1.6018285751342773,0,-0.16163584790953453,0.9301349575973923,1.14193822257028,-1.384416530496962,-1.1149607496658962,2.0581641777039765,1.6354562418540146,0,0,0,0,0,0,0,0,0,0,0,0,0,0,no_guidance
1.6185276508331299,0,-0.16156546422416262,0.9301380319344423,1.1420201628995492,-1.3838751051255955,-1.1149594272375107,2.05816415100369,1.6354551778733353,0,0,0,0,0,0,0,0,0,0,0,0,0,0,no_guidance
1.6351752281188965,0,-0.16150035763517845,0.9301378751735248,1.1420980875450273,-1.3833333736075524,-1.1149567823807398,2.058165201918524,1.635451531758095,0,0,0,0,0,0,0,0,0,0,0,0,0,0,no_guidance
1.6518833637237549,0,-0.1614348227396708,0.930141216580614,1.1421719970227744,-1.382750605340429,-1.1149499840268813,2.0581676645629337,1.6354521260993427,0,0,0,0,0,0,0,0,0,0,0,0,0,0,no_guidance
1.6685247421264648,0,-0.16136942062691012,0.9301349574785007,1.1422462604451997,-1.3821866061259342,-1.1149506915807723,2.05816485435725,1.6354583567695484,0,0,0,0,0,0,0,0,0,0,0,0,0,0,no_guidance
1.6852154731750488,0,-0.16133915761567807,0.9301379527466425,1.1423278266108725,-1.3816975019509903,-1.11495056947657,2.0581641380878954,1.6354536563369786,0,0,0,0,0,0,0,0,0,0,0,0,0,0,no_guidance
1.70188570022583,0,-0.16132640693325712,0.9301359348918815,1.1424158754685017,-1.3812481423788696,-1.1149452504527726,2.058166662896329,1.6354514140384702,0,0,0,0,0,0,0,0,0,0,0,0,0,0,no_guidance
1.7185900211334229,0,-0.16132513611197813,0.9301378747454861,1.1425023226773172,-1.380863054424826,-1.114943888758039,2.0581732799847074,1.6354543640530772,0,0,0,0,0,0,0,0,0,0,0,0,0,0,no_guidance
1.735264778137207,0,-0.16131618832034225,0.9301379007815319,1.142577137666653,-1.3805528842038834,-1.1149418541987737,2.058183132931801,1.6354543640530772,0,0,0,0,0,0,0,0,0,0,0,0,0,0,no_guidance
1.7519314289093018,0,-0.16131040353608994,0.9301412166159865,1.1426520187504094,-1.3803067049560256,-1.1149420322179056,2.058184479764649,1.6354514140205252,0,0,0,0,0,0,0,0,0,0,0,0,0,0,no_guidance
1.7686090469360352,0,-0.16131152854678554,0.9301397791853486,1.142722853521467,-1.3801187694037933,-1.1149432589707648,2.05818376771609,1.6354551778551605,0,0,0,0,0,0,0,0,0,0,0,0,0,0,no_guidance
1.7852747440338135,0,-0.16130245769672946,0.930135925904097,1.1427793010551546,-1.3799674459123772,-1.1149394735630915,2.058187418522658,1.6354551778551605,0,0,0,0,0,0,0,0,0,0,0,0,0,0,no_guidance
1.8019278049468994,0,-0.16130444027824095,0.9301342554677997,1.142849498735273,-1.3798527343136286,-1.1149408005016412,2.058191485393703,1.6354590688470358,0,0,0,0,0,0,0,0,0,0,0,0,0,0,no_guidance
1.8186233043670654,0,-0.16130276946435895,0.930137952750589,1.1429123297305546,-1.3797426796101282,-1.114941154855556,2.058189960241317,1.6354601341359285,0,0,0,0,0,0,0,0,0,0,0,0,0,0,no_guidance
1.8352744579315186,0,-0.16130440198980683,0.9301395451813431,1.1429656310119296,-1.3796388877955126,-1.1149415081041532,2.0581914861202235,1.6354562379798825,0,0,0,0,0,0,0,0,0,0,0,0,0,0,no_guidance
1.8520240783691406,0,-0.1612976317741061,0.9301359259036549,1.143008948277653,-1.3794965994591897,-1.1149417657282639,2.0581971684423364,1.6354571201741468,0,0,0,0,0,0,0,0,0,0,0,0,0,0,no_guidance
1.8686738014221191,0,-0.16129886867149532,0.9301323066259686,1.1430678638217133,-1.3793241410987098,-1.1149404432475174,2.0581955424143143,1.6354610710399289,0,0,0,0,0,0,0,0,0,0,0,0,0,0,no_guidance
1.8853695392608643,0,-0.16130292148755745,0.9301342554677997,1.143118860224644,-1.379138584544762,-1.1149411548376083,2.058194728612899,1.6354591278822643,0,0,0,0,0,0,0,0,0,0,0,0,0,0,no_guidance
1.9020256996154785,0,-0.16129886867149532,0.9301306361901133,1.1431650179011645,-1.3789253670333146,-1.1149411548555532,2.0581940165360764,1.6354599418660916,0,0,0,0,0,0,0,0,0,0,0,0,0,0,no_guidance
1.9187405109405518,0,-0.16129925439392753,0.930137874745486,1.143206613942957,-1.3786898539964074,-1.1149411548915171,2.058194728612899,1.6354634905985475,0,0,0,0,0,0,0,0,0,0,0,0,0,0,no_guidance
1.9353880882263184,0,-0.16130093035003246,0.9301359259036549,1.1432433109246944,-1.3784335931782776,-1.1149404427607854,2.0581979075272874,1.6354651342150226,0,0,0,0,0,0,0,0,0,0,0,0,0,0,no_guidance
1.9521152973175049,0,-0.16130353587489388,0.930137874745486,1.143285223038473,-1.3782064370183769,-1.1149404427627791,2.058194020897466,1.6354613703797236,0,0,0,0,0,0,0,0,0,0,0,0,0,0,no_guidance
1.9687952995300293,0,-0.16129980607170522,0.9301359259036549,1.1433390920166124,-1.3779541411118617,-1.1149418872873915,2.0581947301205066,1.6354636083361174,0,0,0,0,0,0,0,0,0,0,0,0,0,0,no_guidance
1.9854841232299805,0,-0.1613021805629186,0.9301378746384886,1.1434128181290517,-1.3777014104920937,-1.1149404427607863,2.058195555497009,1.6354636083361174,0,0,0,0,0,0,0,0,0,0,0,0,0,0,no_guidance
2.002152919769287,0,-0.16129637691445256,0.930137874745486,1.143475379732892,-1.3774760634837748,-1.114939832409223,2.058194016536077,1.6354591324239944,0,0,0,0,0,0,0,0,0,0,0,0,0,0,no_guidance
2.018836498260498,0,-0.16129637687022572,0.9301358479025148,1.143551308550182,-1.3772518602666353,-1.114939832409223,2.0581955424156475,1.6354583810959977,0,0,0,0,0,0,0,0,0,0,0,0,0,0,no_guidance
2.0355281829833984,0,-0.1612963768662068,0.9301359259036543,1.1436266780081283,-1.377029379756167,-1.1149398324152047,2.058196959633193,1.635461370380388,0,0,0,0,0,0,0,0,0,0,0,0,0,0,no_guidance
2.0522587299346924,0,-0.1612963768662068,0.9301342554664788,1.143700739381956,-1.3768370111338926,-1.1149391203324,2.058197785247735,1.635464422132219,0,0,0,0,0,0,0,0,0,0,0,0,0,0,no_guidance
2.0689010620117188,0,-0.1612895729702935,0.9301393111779211,1.1437812454987362,-1.3766418954974495,-1.1149404427607854,2.0582003044850166,1.6354651342150235,0,0,0,0,0,0,0,0,0,0,0,0,0,0,no_guidance
2.0855908393859863,0,-0.16127940924342246,0.9301378487451042,1.1438599436499735,-1.3764513696345553,-1.114939832409223,2.058201734455683,1.6354606583035651,0,0,0,0,0,0,0,0,0,0,0,0,0,0,no_guidance
2.10225248336792,0,-0.16127041565155395,0.9301359255826623,1.1439373993616084,-1.3762680400955232,-1.114939832409223,2.0582024470170337,1.6354583811019794,0,0,0,0,0,0,0,0,0,0,0,0,0,0,no_guidance
2.1189613342285156,0,-0.16125477125946727,0.9301319154335974,1.1440086975527872,-1.3760817915256345,-1.1149391203324,2.058203159093857,1.635461330973025,0,0,0,0,0,0,0,0,0,0,0,0,0,0,no_guidance
2.1356091499328613,0,-0.16123833168438606,0.9301352123376516,1.1440947002714326,-1.3758678548670777,-1.1149385099808375,2.0582086215343893,1.6354621841824712,0,0,0,0,0,0,0,0,0,0,0,0,0,0,no_guidance
2.1523139476776123,0,-0.16121105962723736,0.9301342545048171,1.1441677424474204,-1.3756289185225457,-1.1149385099808375,2.058214521711255,1.6354599462267423,0,0,0,0,0,0,0,0,0,0,0,0,0,0,no_guidance
2.168968677520752,0,-0.16117288211446312,0.9301374303648798,1.1442187874908694,-1.375359000212991,-1.1149385099808375,2.058215645868677,1.6354644221382006,0,0,0,0,0,0,0,0,0,0,0,0,0,0,no_guidance
2.1857008934020996,0,-0.16112327282672675,0.9301378631778566,1.14428114419009,-1.375038551043667,-1.1149377979040145,2.0582186352328256,1.6354613703803882,0,0,0,0,0,0,0,0,0,0,0,0,0,0,no_guidance
2.2023375034332275,0,-0.16107216648962114,0.9301370683651584,1.144331214159175,-1.3746802082771314,-1.114935941418012,2.0582202965035084,1.6354644221382006,0,0,0,0,0,0,0,0,0,0,0,0,0,0,no_guidance
2.2190325260162354,0,-0.1610130927247951,0.930133816019625,1.1443787791210773,-1.37428161895153,-1.1149376801663706,2.058226002615663,1.6354644221382006,0,0,0,0,0,0,0,0,0,0,0,0,0,0,no_guidance
2.235713243484497,0,-0.16095362307805933,0.9301371610243456,1.1444420815946865,-1.373818578579535,-1.114932781948624,2.0582331388701793,1.6354651342150235,0,0,0,0,0,0,0,0,0,0,0,0,0,0,no_guidance
2.252429723739624,0,-0.16086272409486815,0.9301348033321992,1.1445126864911785,-1.3733019708699634,-1.114932335383033,2.05823721173554,1.6354636083361174,0,0,0,0,0,0,0,0,0,0,0,0,0,0,no_guidance
2.269076347351074,0,-0.1607654475658041,0.9301314469457107,1.1445913594202444,-1.3727811619866257,-1.1149309950531452,2.0582404245756662,1.6354628962592943,0,0,0,0,0,0,0,0,0,0,0,0,0,0,no_guidance
2.285771131515503,0,-0.1606333846846707,0.9301310964220696,1.1446809373041609,-1.3722102849910316,-1.1149323174622559,2.058238301992416,1.6354636083361174,0,0,0,0,0,0,0,0,0,0,0,0,0,0,no_guidance
2.3024330139160156,0,-0.16047790059014747,0.9301291475797955,1.1447852287571665,-1.3715785024706053,-1.1149317071040472,2.058238301992416,1.6354644219766952,0,0,0,0,0,0,0,0,0,0,0,0,0,0,no_guidance
2.319138288497925,0,-0.16030212447469444,0.9301327668574818,1.1448762278787044,-1.370942552305211,-1.1149303846756617,2.058237488190333,1.6354599462267423,0,0,0,0,0,0,0,0,0,0,0,0,0,0,no_guidance
2.335874557495117,0,-0.16004962326389593,0.9301363861351682,1.1449444323444307,-1.3702188860904545,-1.114923583978975,2.058239955028563,1.6354591319401424,0,0,0,0,0,0,0,0,0,0,0,0,0,0,no_guidance
2.352548837661743,0,-0.15972817863365438,0.9301363861351682,1.1449651470329612,-1.3694224321809407,-1.114921547293663,2.0582360640367114,1.635458420347836,0,0,0,0,0,0,0,0,0,0,0,0,0,0,no_guidance
2.3691916465759277,0,-0.15937813084488625,0.9301327668574818,1.1449685262692577,-1.368656869435445,-1.1149182030840346,2.058235351959864,1.635459944755247,0,0,0,0,0,0,0,0,0,0,0,0,0,0,no_guidance
2.3859097957611084,0,-0.15905988518566705,0.9301347156993129,1.1449716257083438,-1.3680270979884426,-1.1149125272876115,2.058235351959864,1.6354591309708872,0,0,0,0,0,0,0,0,0,0,0,0,0,0,no_guidance
2.4025988578796387,0,-0.1588130521258748,0.9301363861351682,1.1449699552770245,-1.3675609419586154,-1.1149134347062466,2.058236064036687,1.6354595972118853,0,0,0,0,0,0,0,0,0,0,0,0,0,0,no_guidance
2.4192774295806885,0,-0.15849261063873343,0.9301327668574818,1.1449797290351944,-1.3670430767171458,-1.1149114001989364,2.058236064036687,1.6354644221382004,0,0,0,0,0,0,0,0,0,0,0,0,0,0,no_guidance
2.435945987701416,0,-0.158265240812293,0.9301433462845652,1.1449746956463185,-1.3667190693204605,-1.114912010550499,2.058235351959864,1.635464421653684,0,0,0,0,0,0,0,0,0,0,0,0,0,0,no_guidance
2.4526548385620117,0,-0.15806340713389583,0.9301452951263963,1.1449739951133104,-1.366494190796435,-1.1149118897959152,2.058236064036687,1.63545993314479,0,0,0,0,0,0,0,0,0,0,0,0,0,0,no_guidance
2.469311475753784,0,-0.15790231003990127,0.9301470824034656,1.1449747188723112,-1.3663616082840055,-1.11490957770358,2.058236064036687,1.6354628962592943,0,0,0,0,0,0,0,0,0,0,0,0,0,0,no_guidance
2.4860165119171143,0,-0.15778114716442748,0.9301553883043432,1.144970837949754,-1.3663424942312796,-1.1149090420965782,2.058235351959864,1.6354666600937082,0,0,0,0,0,0,0,0,0,0,0,0,0,0,no_guidance
2.502730131149292,0,-0.15765431137306712,0.9301665160119096,1.1449549191003334,-1.3663477480035082,-1.1149085471845948,2.0582280277411145,1.6354651342150235,0,0,0,0,0,0,0,0,0,0,0,0,0,0,no_guidance
2.5193865299224854,0,-0.15753493313111921,0.9302009685268671,1.1449390320381199,-1.36634245829131,-1.114909561420963,2.058228023218958,1.6354628962592943,0,0,0,0,0,0,0,0,0,0,0,0,0,0,no_guidance
2.5360658168792725,0,-0.15745577835835237,0.9302485928586502,1.1449264188428094,-1.3663444071317974,-1.1149079981617336,2.058228005095851,1.6354696101264818,0,0,0,0,0,0,0,0,0,0,0,0,0,0,no_guidance
2.552727222442627,0,-0.15739559419200508,0.930356279484358,1.1449326254163394,-1.3663424308178664,-1.114912470987977,2.0582283534652,1.6354722509016837,0,0,0,0,0,0,0,0,0,0,0,0,0,0,no_guidance
2.5693917274475098,0,-0.15735037626094478,0.9304204557780841,1.1449309550127678,-1.366335898767911,-1.114908548785846,2.058233927800211,1.6354715444762735,0,0,0,0,0,0,0,0,0,0,0,0,0,0,no_guidance
2.5860884189605713,0,-0.15731802694700273,0.9304866681161612,1.1449331007839842,-1.366331053900592,-1.1149124300077404,2.058233114004135,1.6354728477490788,0,0,0,0,0,0,0,0,0,0,0,0,0,0,no_guidance
2.6027755737304688,0,-0.15728252366806236,0.9305295322339775,1.144933100784034,-1.3663250522803798,-1.114910271840108,2.058235351959864,1.6354735646950946,0,0,0,0,0,0,0,0,0,0,0,0,0,0,no_guidance
2.6194591522216797,0,-0.15724975008961864,0.9305504873337049,1.1449331802568936,-1.3663129281879742,-1.1149117006217475,2.058238301992416,1.6354758026514884,0,0,0,0,0,0,0,0,0,0,0,0,0,0,no_guidance
2.6361351013183594,0,-0.15723464856112002,0.9305521888293381,1.144936441655896,-1.3662771665258446,-1.1149108420035019,2.0582402363421988,1.6354699025866057,0,0,0,0,0,0,0,0,0,0,0,0,0,0,no_guidance
2.6528499126434326,0,-0.15721700022976665,0.9305554406217875,1.1449347712200388,-1.3661775029375027,-1.1149148385529488,2.0582405996208015,1.635469195088466,0,0,0,0,0,0,0,0,0,0,0,0,0,0,no_guidance
2.6695480346679688,0,-0.1572038468531658,0.9305537186666609,1.1449415206830376,-1.3660410524897395,-1.1149113176301761,2.058247444044969,1.6354743830767475,0,0,0,0,0,0,0,0,0,0,0,0,0,0,no_guidance
2.686215877532959,0,-0.15718795150253995,0.9305521262319463,1.14495331035854,-1.3658222577345482,-1.1149135303809143,2.0582547063205516,1.6354735646959808,0,0,0,0,0,0,0,0,0,0,0,0,0,0,no_guidance
2.7028861045837402,0,-0.15716377611131696,0.9305494711554367,1.1449617312736824,-1.3655535396294125,-1.114914267440949,2.058267423723241,1.635469190509783,0,0,0,0,0,0,0,0,0,0,0,0,0,0,no_guidance
2.719566583633423,0,-0.15712699916734138,0.9305437930459826,1.1449732064687215,-1.3652005634940667,-1.1149106423094024,2.0582975559334256,1.6354699025866057,0,0,0,0,0,0,0,0,0,0,0,0,0,0,no_guidance
2.736253261566162,0,-0.157085695358709,0.9305417287378409,1.144972180517094,-1.364849054699023,-1.1149145041772448,2.058533225609591,1.6354721405363533,0,0,0,0,0,0,0,0,0,0,0,0,0,0,no_guidance
2.7529423236846924,0,-0.1570513836193889,0.9305400581958662,1.144985620605144,-1.3644503057254707,-1.1149149860640184,2.0587384946410783,1.6354706146634288,0,0,0,0,0,0,0,0,0,0,0,0,0,0,no_guidance
2.7696008682250977,0,-0.15700553634129685,0.9305279437979759,1.1450046178608053,-1.3640141661072955,-1.1149138726094132,2.058884685220565,1.6354639007776315,0,0,0,0,0,0,0,0,0,0,0,0,0,0,no_guidance
2.786292314529419,0,-0.15694084064522065,0.9305298793947792,1.1450383491798863,-1.3634915495032884,-1.114912646333142,2.0589890183651196,1.6354654266206476,0,0,0,0,0,0,0,0,0,0,0,0,0,0,no_guidance
2.803037643432617,0,-0.15686653918924567,0.9305296027110411,1.1451110859454452,-1.3629357335546857,-1.1149159389349341,2.059023789897373,1.635467664624895,0,0,0,0,0,0,0,0,0,0,0,0,0,0,no_guidance
2.8196587562561035,0,-0.1567593684856893,0.9305310735055177,1.1451988230233126,-1.3622925059820743,-1.1149102516465714,2.0590432288766123,1.6354675338106899,0,0,0,0,0,0,0,0,0,0,0,0,0,0,no_guidance
2.836351156234741,0,-0.15660119278929738,0.930531549830169,1.1452679045427214,-1.3615682177762063,-1.1149141420708288,2.05906693950928,1.6354664423399712,0,0,0,0,0,0,0,0,0,0,0,0,0,0,no_guidance
2.8530149459838867,0,-0.15641363848542933,0.930533220264695,1.145356850092976,-1.3608245189927222,-1.11491077301191,2.059083903538216,1.6354688314802017,0,0,0,0,0,0,0,0,0,0,0,0,0,0,no_guidance
2.8696885108947754,0,-0.15614925360800025,0.9305266975351573,1.1454499997612189,-1.359949856289297,-1.1149091574750754,2.0590910457768916,1.6354675337389069,0,0,0,0,0,0,0,0,0,0,0,0,0,0,no_guidance
2.886373519897461,0,-0.15582646783325646,0.9305286093339035,1.1455355409969816,-1.3590101434014734,-1.114909633922779,2.0590921841887546,1.6354578260166683,0,0,0,0,0,0,0,0,0,0,0,0,0,0,no_guidance
2.903047561645508,0,-0.15544498061939588,0.930528846247086,1.1455864308725738,-1.358051953881966,-1.1149086739296337,2.059089988354604,1.6354604607895138,0,0,0,0,0,0,0,0,0,0,0,0,0,0,no_guidance
2.919724225997925,0,-0.1549624565082313,0.9305363510922273,1.1456155256748408,-1.3569498144264498,-1.1149071230248093,2.0590843620915917,1.63545842034784,0,0,0,0,0,0,0,0,0,0,0,0,0,0,no_guidance
2.9364030361175537,0,-0.15441110226531082,0.9305421292449898,1.145614567371551,-1.355825533741762,-1.1149044781128565,2.059087507807177,1.635460659918621,0,0,0,0,0,0,0,0,0,0,0,0,0,0,no_guidance
2.9530980587005615,0,-0.15388086732496636,0.9305437996931242,1.1456162410072444,-1.3548557850259924,-1.1148957424823713,2.059079271078216,1.6354636083361174,0,0,0,0,0,0,0,0,0,0,0,0,0,0,no_guidance
2.969773292541504,0,-0.15335289603174318,0.9305490894066659,1.1456181867347095,-1.3540033156050497,-1.1148902621746584,2.0590799831549327,1.6354676015909408,0,0,0,0,0,0,0,0,0,0,0,0,0,0,no_guidance
2.986475944519043,0,-0.15284869510600432,0.9305490894068155,1.1456183041522376,-1.3533390794802136,-1.1148867169135477,2.059078559000401,1.63546654211164,0,0,0,0,0,0,0,0,0,0,0,0,0,0,no_guidance
3.0031352043151855,0,-0.1524053138847161,0.9305511530466654,1.1456169266227176,-1.3528865166097832,-1.1148866968552276,2.0590760921637217,1.635472851003871,0,0,0,0,0,0,0,0,0,0,0,0,0,0,no_guidance
3.0198280811309814,0,-0.1519473427862141,0.930564836277424,1.1456112274952768,-1.352596009953823,-1.1148827646156976,2.05907227305295,1.6354706146634288,0,0,0,0,0,0,0,0,0,0,0,0,0,0,no_guidance
3.0365047454833984,0,-0.15151760199680653,0.9305770969557835,1.1455940907076716,-1.352428439950455,-1.1148856537040255,2.059069534351455,1.6354780406074392,0,0,0,0,0,0,0,0,0,0,0,0,0,0,no_guidance
3.053191661834717,0,-0.15114149905723595,0.9305950425863484,1.14557398483348,-1.3523409767998402,-1.114884833718224,2.0590694164435095,1.6354846909572005,0,0,0,0,0,0,0,0,0,0,0,0,0,0,no_guidance
3.0698676109313965,0,-0.15080930634031453,0.9306609425432696,1.1455667923841042,-1.3523106085307908,-1.1148863500819814,2.059069416443507,1.6355052401937475,0,0,0,0,0,0,0,0,0,0,0,0,0,0,no_guidance
3.0865578651428223,0,-0.15051394731778928,0.9307515559653939,1.1455659859138814,-1.3522890311013946,-1.1148848103003572,2.059071552673976,1.6355415281642833,0,0,0,0,0,0,0,0,0,0,0,0,0,0,no_guidance
3.103245735168457,0,-0.15027069342378663,0.930835758085032,1.1455679347556933,-1.3522417948721475,-1.1148901594261333,2.059071552673976,1.635730635542106,0,0,0,0,0,0,0,0,0,0,0,0,0,0,no_guidance
3.1198983192443848,0,-0.1500738286557947,0.9309350139054094,1.1455648263694473,-1.35215236776139,-1.1148880774095968,2.0590722647507986,1.6359111391502865,0,0,0,0,0,0,0,0,0,0,0,0,0,0,no_guidance
3.1365697383880615,0,-0.14990600800842124,0.9310398480747415,1.1455608587356596,-1.3520036794080696,-1.114892541608083,2.0590722647507986,1.6360547922531112,0,0,0,0,0,0,0,0,0,0,0,0,0,0,no_guidance
3.153254985809326,0,-0.14978436666502862,0.9311510303715074,1.145559667821586,-1.3518081873164873,-1.1148920878032342,2.059074863349786,1.6361586242750947,0,0,0,0,0,0,0,0,0,0,0,0,0,0,no_guidance
3.169928789138794,0,-0.14971168183439218,0.931249704578106,1.1455632870992025,-1.3515863443554104,-1.114891733627769,2.0590759283137485,1.6362081532188115,0,0,0,0,0,0,0,0,0,0,0,0,0,0,no_guidance
3.186631441116333,0,-0.1496735681657643,0.9313495622993664,1.145559429402937,-1.351317591165952,-1.1148884600385718,2.0590762744221442,1.6362335359095475,0,0,0,0,0,0,0,0,0,0,0,0,0,0,no_guidance
3.2033002376556396,0,-0.14966666955939972,0.931423848942339,1.1455616166632954,-1.351026003843081,-1.1148903165763857,2.0590793916356174,1.6362345978164266,0,0,0,0,0,0,0,0,0,0,0,0,0,0,no_guidance
3.2199740409851074,0,-0.14966830907056275,0.9314697091971212,1.1455579973856607,-1.3507156636066564,-1.1148916345927304,2.0590865952967605,1.6362338910814787,0,0,0,0,0,0,0,0,0,0,0,0,0,0,no_guidance
3.236692190170288,0,-0.14966042823573242,0.9315080029698714,1.14555585158211,-1.3503487156974696,-1.1148915983051673,2.0590857814947765,1.6362308393236664,0,0,0,0,0,0,0,0,0,0,0,0,0,0,no_guidance
3.2533583641052246,0,-0.14964843983913703,0.9315385843164417,1.1455596678214994,-1.349943334853391,-1.11489067544296,2.0590857815010573,1.6362346031583017,0,0,0,0,0,0,0,0,0,0,0,0,0,0,no_guidance
3.270045518875122,0,-0.14963503338065437,0.9315473430324152,1.1455632870992023,-1.3495320450846724,-1.1148910230044637,2.0590852067784517,1.6362330772793956,0,0,0,0,0,0,0,0,0,0,0,0,0,0,no_guidance
3.2866992950439453,0,-0.1496079297717065,0.9315391446985858,1.1455802260584698,-1.3490562607907106,-1.114889194557886,2.0590913711115655,1.6362334905382658,0,0,0,0,0,0,0,0,0,0,0,0,0,0,no_guidance
3.303370237350464,0,-0.14953869202974465,0.9315373074458406,1.1455907148827817,-1.3485182421504043,-1.1148875811310608,2.059095162450109,1.636226775144842,0,0,0,0,0,0,0,0,0,0,0,0,0,0,no_guidance
3.3200440406799316,0,-0.14942830933861656,0.9315400142030679,1.1455983622039765,-1.3479249638711832,-1.1148868615741858,2.0591031092097807,1.6362213573849023,0,0,0,0,0,0,0,0,0,0,0,0,0,0,no_guidance
3.336733818054199,0,-0.14926805836020618,0.9315380115819937,1.145605417569684,-1.347240774751149,-1.1148861288759484,2.0591086919297985,1.6362199325312863,0,0,0,0,0,0,0,0,0,0,0,0,0,0,no_guidance
3.3534011840820312,0,-0.14908681975725002,0.9315390169194022,1.1456103203500125,-1.3465134844154996,-1.11489041257905,2.059113521699638,1.636218406589495,0,0,0,0,0,0,0,0,0,0,0,0,0,0,no_guidance
3.3700685501098633,0,-0.14888830112981552,0.9315363324672816,1.1456198866379121,-1.3457825377415529,-1.114885739286546,2.0591284578520512,1.6362152262215566,0,0,0,0,0,0,0,0,0,0,0,0,0,0,no_guidance
3.3867321014404297,0,-0.14864333477246192,0.9315344616265671,1.1456277355956184,-1.3449401850633247,-1.1148888626223477,2.059139665251825,1.6362167210167062,0,0,0,0,0,0,0,0,0,0,0,0,0,0,no_guidance
3.403402328491211,0,-0.14835133444052348,0.9315343835897617,1.1456314639057883,-1.3440143516096341,-1.114885302931945,2.0591446104754674,1.6362158805882023,0,0,0,0,0,0,0,0,0,0,0,0,0,0,no_guidance
3.4200940132141113,0,-0.1480305619342165,0.9315396733033029,1.1456311743662817,-1.3430642491137539,-1.1148878539807294,2.0591478529770058,1.6362151684574697,0,0,0,0,0,0,0,0,0,0,0,0,0,0,no_guidance
3.436765193939209,0,-0.14766947051005083,0.9315396733033029,1.1456328539637737,-1.342070587177826,-1.1148846750657748,2.059150484956614,1.6362188262061939,0,0,0,0,0,0,0,0,0,0,0,0,0,0,no_guidance
3.4534759521484375,0,-0.14729767513746922,0.9315363324315923,1.1456355975424268,-1.341108658545408,-1.1148846750716581,2.05915048511823,1.63621552772427,0,0,0,0,0,0,0,0,0,0,0,0,0,0,no_guidance
3.470132350921631,0,-0.1469212179184499,0.9315363324315923,1.1456355220927195,-1.3402064035807268,-1.1148839629888534,2.0591490609645837,1.6362165928264836,0,0,0,0,0,0,0,0,0,0,0,0,0,0,no_guidance
3.4868264198303223,0,-0.1464874360646465,0.9315471458620959,1.1456318998818993,-1.3392796142155996,-1.1148839629888534,2.0591482471625007,1.6362175590366392,0,0,0,0,0,0,0,0,0,0,0,0,0,0,no_guidance
3.5035150051116943,0,-0.14603826248237559,0.9315552523191413,1.1456278426521758,-1.3384236750861065,-1.1148852854172389,2.05915048511823,1.6362154113864162,0,0,0,0,0,0,0,0,0,0,0,0,0,0,no_guidance
3.520195245742798,0,-0.1456457299769046,0.931563855737271,1.145627829424863,-1.337741023950736,-1.1148852854172389,2.0591468230088545,1.6362148740753106,0,0,0,0,0,0,0,0,0,0,0,0,0,0,no_guidance
3.536921977996826,0,-0.1452736465730967,0.9315602497046149,1.1456245047920883,-1.3371494168458833,-1.1148852854172389,2.059147535085678,1.6362168171323048,0,0,0,0,0,0,0,0,0,0,0,0,0,0,no_guidance
3.5535542964935303,0,-0.14492740412540198,0.9315576358749603,1.1456208855270928,-1.3366588403273465,-1.114883352637291,2.0591482471625007,1.6362213036215443,0,0,0,0,0,0,0,0,0,0,0,0,0,0,no_guidance
3.570234537124634,0,-0.1446333542884708,0.9315634683558236,1.1456208858577253,-1.3362825157644371,-1.1148859974940617,2.0591475336321277,1.636221216357597,0,0,0,0,0,0,0,0,0,0,0,0,0,0,no_guidance
3.5869009494781494,0,-0.14434428446980435,0.9315687609583543,1.1456208855143764,-1.3359178097190478,-1.1148852854172389,2.059147535085678,1.636225832527499,0,0,0,0,0,0,0,0,0,0,0,0,0,0,no_guidance
3.603585958480835,0,-0.14410410642733631,0.9315857368977385,1.1456173061150705,-1.3355936589055448,-1.1148852854172389,2.059149056603933,1.6362280704892345,0,0,0,0,0,0,0,0,0,0,0,0,0,0,no_guidance
3.620239734649658,0,-0.1439206003799386,0.9316067381193208,1.145612377514969,-1.335319306124405,-1.1148873199224472,2.0591482471625007,1.6362288858175456,0,0,0,0,0,0,0,0,0,0,0,0,0,0,no_guidance
3.636937141418457,0,-0.1437591176995866,0.9316456789044665,1.145605936994102,-1.3350326225723026,-1.1148897867600123,2.0591468230088545,1.6362303084449636,0,0,0,0,0,0,0,0,0,0,0,0,0,0,no_guidance
3.6536061763763428,0,-0.1436296831555387,0.9317098483899786,1.1456010482366403,-1.3347596058115738,-1.1148852854174602,2.0591461109320317,1.6362280704955152,0,0,0,0,0,0,0,0,0,0,0,0,0,0,no_guidance
3.670264959335327,0,-0.14349702308861928,0.9317987317736341,1.1455990982541762,-1.334399314860212,-1.1148866078456243,2.0591482471625007,1.6362321887852809,0,0,0,0,0,0,0,0,0,0,0,0,0,0,no_guidance
3.686943292617798,0,-0.14338729256784993,0.9319202034079561,1.1455983450607774,-1.3340121568034637,-1.1148866078456243,2.0591475307250273,1.6362330765793311,0,0,0,0,0,0,0,0,0,0,0,0,0,0,no_guidance
3.7036168575286865,0,-0.1432838075240067,0.9320622415778951,1.1455969527761232,-1.3335954723058492,-1.1148859974940617,2.0591482471625007,1.6362258371320777,0,0,0,0,0,0,0,0,0,0,0,0,0,0,no_guidance
3.720280408859253,0,-0.1431609496936285,0.9322194107503967,1.145598076350186,-1.3331518609018143,-1.1148866078456243,2.0591475350318427,1.6362304136301522,0,0,0,0,0,0,0,0,0,0,0,0,0,0,no_guidance
3.7369635105133057,0,-0.14302236452549327,0.932400432358143,1.1455978291033304,-1.33268683660908,-1.1148873199224472,2.059147535085678,1.6362244149956422,0,0,0,0,0,0,0,0,0,0,0,0,0,0,no_guidance
3.753648281097412,0,-0.14284391407860011,0.9326284681923789,1.1455942098216008,-1.3321391576731787,-1.1148873199224472,2.059147535085678,1.6362260343232582,0,0,0,0,0,0,0,0,0,0,0,0,0,0,no_guidance
3.7703206539154053,0,-0.14263309175940356,0.932906821137815,1.1455942013183318,-1.3314829622731617,-1.1148873199762823,2.059147535085678,1.6362303237263287,0,0,0,0,0,0,0,0,0,0,0,0,0,0,no_guidance
3.787020683288574,0,-0.14240095860047816,0.9332136677770608,1.1455958689158758,-1.3307334876353307,-1.1148859974940617,2.0591482471625007,1.6362255622145585,0,0,0,0,0,0,0,0,0,0,0,0,0,0,no_guidance
3.803701639175415,0,-0.14211358811059366,0.9335833247203795,1.1455951649329346,-1.3298218055469797,-1.114886608330141,2.05915048511823,1.6362256154697408,0,0,0,0,0,0,0,0,0,0,0,0,0,0,no_guidance
3.8203821182250977,0,-0.14183226529327714,0.9339431371345778,1.1455955039276304,-1.3288952596491654,-1.1148852854172389,2.05915048511823,1.6362244267699655,0,0,0,0,0,0,0,0,0,0,0,0,0,0,no_guidance
3.8370633125305176,0,-0.1415827599876647,0.9342504403740559,1.1455934822184861,-1.3280777938639052,-1.1148866078456243,2.059150489478881,1.636223759468995,0,0,0,0,0,0,0,0,0,0,0,0,0,0,no_guidance
3.853732109069824,0,-0.14138810728619572,0.9344717126255626,1.1455931163786106,-1.3274526019537487,-1.1148859974940617,2.0591491047325996,1.6362258327031896,0,0,0,0,0,0,0,0,0,0,0,0,0,0,no_guidance
3.870417356491089,0,-0.14107980749996984,0.9348085930089218,1.145594133175537,-1.32653740524513,-1.1148866078456243,2.0591494141775892,1.6362221704241302,0,0,0,0,0,0,0,0,0,0,0,0,0,0,no_guidance
3.8870930671691895,0,-0.14084720682507906,0.9350338462245128,1.1455977486336701,-1.3258932135802501,-1.1148846750656765,2.0591499360211523,1.6362258325335053,0,0,0,0,0,0,0,0,0,0,0,0,0,0,no_guidance
3.9037599563598633,0,-0.14061377344690895,0.9352259346094115,1.1456011605228724,-1.3252827258692839,-1.1148873199224472,2.059159627673759,1.6362291703936127,0,0,0,0,0,0,0,0,0,0,0,0,0,0,no_guidance
3.920436143875122,0,-0.14041458498312698,0.9353895893577894,1.1455958774230328,-1.3247715534932742,-1.1148852854172389,2.0591615132562744,1.6362245325130762,0,0,0,0,0,0,0,0,0,0,0,0,0,0,no_guidance
3.937114715576172,0,-0.1402452646772919,0.9354948772306696,1.1455994995351424,-1.324365040595057,-1.1148859974940617,2.059167793247179,1.6362266463355915,0,0,0,0,0,0,0,0,0,0,0,0,0,0,no_guidance
3.953798532485962,0,-0.140081801811548,0.9355595366725271,1.145597829099287,-1.3239990070055472,-1.1148873199224472,2.0591689196427647,1.636225832703086,0,0,0,0,0,0,0,0,0,0,0,0,0,0,no_guidance
3.970459461212158,0,-0.13995225748720197,0.9356022345283441,1.145595880257456,-1.3237049399286471,-1.1148873199224472,2.0591745244220325,1.6362213566283277,0,0,0,0,0,0,0,0,0,0,0,0,0,0,no_guidance
3.987131357192993,0,-0.13983996652262273,0.9356290155587976,1.145597829099287,-1.3234576984398867,-1.1148873199224472,2.05917527747144,1.6362244083798594,0,0,0,0,0,0,0,0,0,0,0,0,0,0,no_guidance
4.003814935684204,0,-0.13973613764345344,0.9356655930372013,1.1455977270600597,-1.3232076883235078,-1.114890498836835,2.059181057915275,1.6362213978301965,0,0,0,0,0,0,0,0,0,0,0,0,0,0,no_guidance
4.020488739013672,0,-0.13964131475990052,0.9357212725031994,1.1455975966766019,-1.3229185731164268,-1.1148873201019223,2.059189129531894,1.6362221704241304,0,0,0,0,0,0,0,0,0,0,0,0,0,0,no_guidance
4.037168264389038,0,-0.13954178981787654,0.9357865481728863,1.1455994963856342,-1.3226194576109616,-1.1148886423508326,2.0592051951023644,1.636219932468401,0,0,0,0,0,0,0,0,0,0,0,0,0,0,no_guidance
4.053838014602661,0,-0.13943646240166083,0.9358492179921644,1.1455978177265542,-1.3222977224191255,-1.1148893544277292,2.059224627596659,1.6362258325335053,0,0,0,0,0,0,0,0,0,0,0,0,0,0,no_guidance
4.070504903793335,0,-0.13932238214489556,0.9359391254036038,1.1455920668928492,-1.3218942763952952,-1.1148904140660063,2.0592424460253813,1.6362221704241302,0,0,0,0,0,0,0,0,0,0,0,0,0,0,no_guidance
4.087172269821167,0,-0.13921530376981156,0.9360522641484895,1.1455930445611464,-1.3214480192383962,-1.1148904507495416,2.0592553044605997,1.636223594577776,0,0,0,0,0,0,0,0,0,0,0,0,0,0,no_guidance
4.103853940963745,0,-0.1391002022236771,0.936203359867671,1.1455911105007974,-1.3209006742475558,-1.114894687582192,2.059282596887789,1.6362280704892345,0,0,0,0,0,0,0,0,0,0,0,0,0,0,no_guidance
4.120545148849487,0,-0.13898402863420783,0.9363587504763583,1.1455911198752862,-1.3202800076678696,-1.1148915132969988,2.0593664079807494,1.6362273584124114,0,0,0,0,0,0,0,0,0,0,0,0,0,0,no_guidance
4.137222766876221,0,-0.13886500341449287,0.936535091824711,1.145594729669423,-1.3196462254714691,-1.1148901219321616,2.0594554484046723,1.6362288842913177,0,0,0,0,0,0,0,0,0,0,0,0,0,0,no_guidance
4.153896808624268,0,-0.1387085684217041,0.9367522803736457,1.1455947296577587,-1.3189000741000447,-1.11489422664773,2.0595030685765408,1.6362244083798594,0,0,0,0,0,0,0,0,0,0,0,0,0,0,no_guidance
4.17056941986084,0,-0.13850558118848355,0.9370166941688282,1.1455964001985925,-1.318039300144539,-1.1148910265415388,2.059515133590588,1.6362244083798594,0,0,0,0,0,0,0,0,0,0,0,0,0,0,no_guidance
4.187269449234009,0,-0.1382528836621188,0.9373356588882622,1.1455947296577587,-1.3170914906709899,-1.1148919080935444,2.0595169249375407,1.6362206445452239,0,0,0,0,0,0,0,0,0,0,0,0,0,0,no_guidance
4.203913688659668,0,-0.1379423077860139,0.9377189900153181,1.1455947296577587,-1.3160009935237793,-1.1148941206929173,2.0595314728463188,1.636222882500953,0,0,0,0,0,0,0,0,0,0,0,0,0,0,no_guidance
4.2205915451049805,0,-0.13761450236695252,0.9381062865639817,1.1455927016580036,-1.3149277013463725,-1.1148893718730275,2.0595541383875395,1.6362206445452239,0,0,0,0,0,0,0,0,0,0,0,0,0,0,no_guidance
4.237283229827881,0,-0.13731045075023104,0.9384512116114694,1.1455927808159256,-1.313972784908795,-1.1148893544821556,2.05955794246083,1.6362191186663178,0,0,0,0,0,0,0,0,0,0,0,0,0,0,no_guidance
4.253970623016357,0,-0.13699569862832903,0.9387947245168455,1.1455826024699471,-1.3130827082823295,-1.114890796049155,2.0595565139017826,1.6362180533767852,0,0,0,0,0,0,0,0,0,0,0,0,0,0,no_guidance
4.270666599273682,0,-0.13671386239143535,0.9391546981169709,1.1455828834339379,-1.3123494240844766,-1.1148908388660803,2.059557942469915,1.636217667027003,0,0,0,0,0,0,0,0,0,0,0,0,0,0,no_guidance
4.2873148918151855,0,-0.13647497955681853,0.9394899554140722,1.1455745210998294,-1.3118058096863714,-1.11489507390011,2.059557072763643,1.6362204141532415,0,0,0,0,0,0,0,0,0,0,0,0,0,0,no_guidance
4.3039844036102295,0,-0.13628527372135651,0.9397968035096841,1.1455728238427991,-1.3114412253043184,-1.1148954016005033,2.0595570603277094,1.6362233356417588,0,0,0,0,0,0,0,0,0,0,0,0,0,0,no_guidance
4.320667266845703,0,-0.13610998463080887,0.9401531516795426,1.1455628599820535,-1.3111970951718626,-1.114894074833357,2.0595510486158792,1.636224050805826,0,0,0,0,0,0,0,0,0,0,0,0,0,0,no_guidance
4.337357997894287,0,-0.13595233305864163,0.9405589621287894,1.145558864266706,-1.3110641109058838,-1.1148994123505833,2.0595537510881097,1.6362235939315295,0,0,0,0,0,0,0,0,0,0,0,0,0,0,no_guidance
4.354032278060913,0,-0.1358350116379952,0.9409612074849469,1.145558424503688,-1.311032164852172,-1.1149033797979355,2.0595495308854304,1.636226646327613,0,0,0,0,0,0,0,0,0,0,0,0,0,0,no_guidance
4.370705604553223,0,-0.13571033727179796,0.9414339614802161,1.145556449171147,-1.3110207124746889,-1.1149114566998881,2.059553756701396,1.636226646334924,0,0,0,0,0,0,0,0,0,0,0,0,0,0,no_guidance
4.38737678527832,0,-0.135588013357598,0.9419860420200525,1.1455600674308994,-1.3109942153377694,-1.1149116242565371,2.0595524796435907,1.6362258325335053,0,0,0,0,0,0,0,0,0,0,0,0,0,0,no_guidance
4.404057264328003,0,-0.1354679321252877,0.9425455011306396,1.145558398012529,-1.3109523312089337,-1.1149129467407861,2.0595593272158665,1.636218991509742,0,0,0,0,0,0,0,0,0,0,0,0,0,0,no_guidance
4.420724153518677,0,-0.13534065335582796,0.943182957713242,1.1455564491705486,-1.310881360460157,-1.1149197491127887,2.0595593273777038,1.6362235945777515,0,0,0,0,0,0,0,0,0,0,0,0,0,0,no_guidance
4.4374048709869385,0,-0.1352048007462563,0.9438864298432467,1.1455600684483844,-1.3107652124265992,-1.11492807319282,2.059560853254542,1.6362251204566822,0,0,0,0,0,0,0,0,0,0,0,0,0,0,no_guidance
4.4540770053863525,0,-0.13506253399061954,0.9445708062800945,1.1455617388842396,-1.3106056699791142,-1.1149298077026906,2.0595630287329345,1.6362258325335053,0,0,0,0,0,0,0,0,0,0,0,0,0,0,no_guidance
4.47077751159668,0,-0.13493424178312582,0.9452119327328574,1.1455564491872974,-1.3104336455852046,-1.1149360130491566,2.0595677921845787,1.6362258325335053,0,0,0,0,0,0,0,0,0,0,0,0,0,0,no_guidance
4.487424373626709,0,-0.1347527237313439,0.9460714155832592,1.1455531082989876,-1.3101539831646485,-1.1149444822583179,2.0595634229183193,1.6362244083798594,0,0,0,0,0,0,0,0,0,0,0,0,0,0,no_guidance
4.504098653793335,0,-0.13459372297565245,0.9468288353476917,1.1455617477145574,-1.30983035833478,-1.1149455046913663,2.0595734598106805,1.636223594577776,0,0,0,0,0,0,0,0,0,0,0,0,0,0,no_guidance
4.520766019821167,0,-0.13439079590402644,0.9475854652410584,1.1455564491706982,-1.3094111311775058,-1.114948558169027,2.0595787572745485,1.636221356622047,0,0,0,0,0,0,0,0,0,0,0,0,0,0,no_guidance
4.537443399429321,0,-0.13414818096115483,0.9483450479910509,1.1455531082989876,-1.308876685494742,-1.1149502338170976,2.059586744470346,1.6362180541377211,0,0,0,0,0,0,0,0,0,0,0,0,0,0,no_guidance
4.5541017055511475,0,-0.1338505649895471,0.949052293358647,1.1455585949379101,-1.3082715678444414,-1.1149496234655378,2.059597767828579,1.6362169922850287,0,0,0,0,0,0,0,0,0,0,0,0,0,0,no_guidance
4.570799112319946,0,-0.13346700595329333,0.9497510984382709,1.145560068448401,-1.3075107444945935,-1.1149496234655378,2.0596000653349793,1.6362217995288744,0,0,0,0,0,0,0,0,0,0,0,0,0,0,no_guidance
4.587460994720459,0,-0.13301628566251822,0.9504175150528194,1.1455583983400266,-1.3066545858641234,-1.1149532711324377,2.05959903947512,1.6362169941220406,0,0,0,0,0,0,0,0,0,0,0,0,0,0,no_guidance
4.604141473770142,0,-0.13254652831885455,0.9510062920876516,1.145554778734843,-1.305754845807419,-1.1149557084449997,2.059600463628104,1.6362121254394908,0,0,0,0,0,0,0,0,0,0,0,0,0,0,no_guidance
4.6208624839782715,0,-0.1320058288009081,0.9515569864754921,1.1455583980165667,-1.30472194135306,-1.1149548828360567,2.0596045685664253,1.6362129305196855,0,0,0,0,0,0,0,0,0,0,0,0,0,0,no_guidance
4.637511491775513,0,-0.13144082283933106,0.9520189218278227,1.145556687698443,-1.30364757348101,-1.114954949854891,2.0596047522278784,1.6362158761736416,0,0,0,0,0,0,0,0,0,0,0,0,0,0,no_guidance
4.65419602394104,0,-0.13088211613460457,0.9524125596745969,1.1455600713918257,-1.3026051026676635,-1.114951121961926,2.0596054704000872,1.636216940196644,0,0,0,0,0,0,0,0,0,0,0,0,0,0,no_guidance
4.670881032943726,0,-0.13037498309347503,0.952664123067536,1.145556461381866,-1.3017120558179884,-1.1149536782521405,2.059601096232732,1.6362140326152355,0,0,0,0,0,0,0,0,0,0,0,0,0,0,no_guidance
4.687601089477539,0,-0.12985143366851773,0.9528420479505622,1.1455583981336583,-1.300834831141697,-1.1149504099388647,2.0596018082907124,1.636217569000277,0,0,0,0,0,0,0,0,0,0,0,0,0,0,no_guidance
4.704264402389526,0,-0.12929843007765796,0.9529848138361381,1.1455531082989876,-1.2999892896542404,-1.1149543918308813,2.05959720790954,1.636221343483589,0,0,0,0,0,0,0,0,0,0,0,0,0,0,no_guidance
4.720958948135376,0,-0.12875820615957848,0.9530809616382109,1.145554778734843,-1.2992046907751498,-1.1149540253747492,2.059601380888049,1.6362251204387368,0,0,0,0,0,0,0,0,0,0,0,0,0,0,no_guidance
4.737645626068115,0,-0.1282258991622835,0.9531306828260415,1.1455473344237714,-1.2984524730408402,-1.114953547433387,2.0595942947710584,1.636223594577776,0,0,0,0,0,0,0,0,0,0,0,0,0,0,no_guidance
4.754352331161499,0,-0.12774246169673456,0.9531553771564638,1.1455530807177055,-1.2977848589702785,-1.1149556749648526,2.059592798281919,1.6362251204566822,0,0,0,0,0,0,0,0,0,0,0,0,0,0,no_guidance
4.77101731300354,0,-0.1273185844632574,0.953160879058275,1.1455499249856653,-1.2972036530006026,-1.1149507419522908,2.0595902911034334,1.6362280704890129,0,0,0,0,0,0,0,0,0,0,0,0,0,0,no_guidance
4.787724733352661,0,-0.12689754518974716,0.9531713841964002,1.14554988964817,-1.2966150723504748,-1.1149535620226991,2.0595884120111108,1.6362280704892345,0,0,0,0,0,0,0,0,0,0,0,0,0,0,no_guidance
4.804394721984863,0,-0.1265052935155273,0.9532071220413663,1.1455421991783643,-1.2960024969102515,-1.1149540386164338,2.059588765223818,1.6362314083493419,0,0,0,0,0,0,0,0,0,0,0,0,0,0,no_guidance
4.8210532665252686,0,-0.1261491453624396,0.9532672639668279,1.145536492705896,-1.2954092502900736,-1.1149505001996571,2.059587341070175,1.6362317965171056,0,0,0,0,0,0,0,0,0,0,0,0,0,0,no_guidance
4.837734222412109,0,-0.12577956429040965,0.9533727956258043,1.1455328691888151,-1.2947341152176528,-1.1149510951791557,2.059585529602954,1.6362262330769621,0,0,0,0,0,0,0,0,0,0,0,0,0,0,no_guidance
4.854455232620239,0,-0.12542638260283723,0.9535006978995881,1.1455272071182288,-1.2940244100612752,-1.11495367782154,2.0595861636206765,1.6362293352262192,0,0,0,0,0,0,0,0,0,0,0,0,0,0,no_guidance
4.871119022369385,0,-0.125080721030264,0.9536529713450471,1.1455053738564498,-1.293314947612715,-1.114954038570575,2.0595813188317313,1.636233815779474,0,0,0,0,0,0,0,0,0,0,0,0,0,0,no_guidance
4.887802600860596,0,-0.12470833558386099,0.9538450708175504,1.1454603410782307,-1.2925025795872784,-1.1149542560101837,2.059579975878826,1.6362337117695949,0,0,0,0,0,0,0,0,0,0,0,0,0,0,no_guidance
4.904486179351807,0,-0.1243338074028216,0.9540907852593332,1.145398184932031,-1.291636358672682,-1.114951296987942,2.0595752484798457,1.636228594684925,0,0,0,0,0,0,0,0,0,0,0,0,0,0,no_guidance
4.921151876449585,0,-0.12397770735484763,0.9544011699820878,1.1453566133924717,-1.2907634329177096,-1.1149503393223565,2.0595742634294956,1.6362295951914916,0,0,0,0,0,0,0,0,0,0,0,0,0,0,no_guidance
4.937835693359375,0,-0.12361372340432449,0.954824058716818,1.1453499741827373,-1.2898218104356494,-1.114953065041781,2.0595796226657943,1.6362308200665598,0,0,0,0,0,0,0,0,0,0,0,0,0,0,no_guidance
4.954528331756592,0,-0.12327524094082232,0.9552815713837486,1.1453533255495156,-1.2889621767009087,-1.1149532697872737,2.059582572698593,1.6362278001638781,0,0,0,0,0,0,0,0,0,0,0,0,0,0,no_guidance
4.971238851547241,0,-0.12297620099361749,0.9557350782495041,1.145355080140901,-1.288180877091858,-1.1149477596737585,2.059581144184296,1.636225120456691,0,0,0,0,0,0,0,0,0,0,0,0,0,0,no_guidance
4.9879443645477295,0,-0.12272111432560306,0.9561600416372241,1.1453536538962166,-1.2875674245944422,-1.114951964364795,2.0595796226660408,1.6362206445452239,0,0,0,0,0,0,0,0,0,0,0,0,0,0,no_guidance
5.004587411880493,0,-0.1224765457792485,0.9566540725489452,1.145353424929486,-1.2870320850584909,-1.1149526704692645,2.0595811485449467,1.636223594577776,0,0,0,0,0,0,0,0,0,0,0,0,0,0,no_guidance
5.021315813064575,0,-0.12225308147656963,0.9571844465712972,1.1453570477444088,-1.2865969812000868,-1.1149489162966872,2.0595811485449467,1.6362221704241302,0,0,0,0,0,0,0,0,0,0,0,0,0,0,no_guidance
5.037983179092407,0,-0.12206934952536941,0.9576743295060002,1.1453594480100762,-1.2863040835216741,-1.1149543853526378,2.05958186062177,1.6362191186663178,0,0,0,0,0,0,0,0,0,0,0,0,0,0,no_guidance
5.054639101028442,0,-0.12189828178280267,0.9582235420273494,1.1453525084883618,-1.2860727973954793,-1.1149543511194726,2.0595811485449467,1.6362183935075427,0,0,0,0,0,0,0,0,0,0,0,0,0,0,no_guidance
5.071337699890137,0,-0.1217468934725298,0.9588093918031668,1.1453509666641084,-1.285919693475253,-1.1149501140387457,2.0595811485389652,1.6362202833995034,0,0,0,0,0,0,0,0,0,0,0,0,0,0,no_guidance
5.088011741638184,0,-0.1216232418410455,0.9593823875838646,1.1453582916580165,-1.285810518281968,-1.1149549629427264,2.0595839968522385,1.6362212345218075,0,0,0,0,0,0,0,0,0,0,0,0,0,0,no_guidance
5.10468602180481,0,-0.1214858910496737,0.9599595080773765,1.1453563197256906,-1.2857396922528177,-1.114954391837046,2.0595876633222643,1.6362221697758177,0,0,0,0,0,0,0,0,0,0,0,0,0,0,no_guidance
5.121379852294922,0,-0.12133776875184306,0.960521688095835,1.1453473754675405,-1.285670824901615,-1.114957036673878,2.059588531900581,1.636223594577776,0,0,0,0,0,0,0,0,0,0,0,0,0,0,no_guidance
5.138092041015625,0,-0.12118696458480982,0.9610313694027881,1.1453480253219839,-1.285612675559752,-1.1149603936274846,2.059593838223371,1.6362213520972322,0,0,0,0,0,0,0,0,0,0,0,0,0,0,no_guidance
5.1547136306762695,0,-0.12101830463083063,0.9615434542775189,1.1453463548861051,-1.2855312783271233,-1.1149670887225551,2.05959360563285,1.6362212294654712,0,0,0,0,0,0,0,0,0,0,0,0,0,0,no_guidance
5.171382188796997,0,-0.1208354776306575,0.9619997083595272,1.1453463548861051,-1.285410324571909,-1.1149723986210645,2.0595946652889165,1.6362258325314867,0,0,0,0,0,0,0,0,0,0,0,0,0,0,no_guidance
5.188053131103516,0,-0.12064410778929276,0.9623905725718773,1.14534468445025,-1.2852352962439175,-1.1149725708645493,2.0595960894425707,1.6362206445452239,0,0,0,0,0,0,0,0,0,0,0,0,0,0,no_guidance
5.204739570617676,0,-0.12043095198895389,0.9627394477916696,1.1453463548861051,-1.2850126307187755,-1.1149718631505965,2.059595748264216,1.6362199324145659,0,0,0,0,0,0,0,0,0,0,0,0,0,0,no_guidance
5.2214109897613525,0,-0.12020569876947929,0.9630373134413375,1.14534468445025,-1.2847291117549782,-1.1149731855789817,2.0595968442540062,1.6362251204566822,0,0,0,0,0,0,0,0,0,0,0,0,0,0,no_guidance
5.238087892532349,0,-0.11997915986848055,0.9632593531316342,1.1453499741637916,-1.2844015232559658,-1.1149745080073672,2.059601801953065,1.636222882500953,0,0,0,0,0,0,0,0,0,0,0,0,0,0,no_guidance
5.254755735397339,0,-0.1197182103915917,0.9634322595450452,1.14534468445025,-1.283984398923985,-1.1149726159268263,2.059596989768615,1.636222882500953,0,0,0,0,0,0,0,0,0,0,0,0,0,0,no_guidance
5.27144980430603,0,-0.11944920683952341,0.963558208108611,1.1453499741637916,-1.2834710681401509,-1.1149712527990343,2.0595991682163177,1.6362206445452239,0,0,0,0,0,0,0,0,0,0,0,0,0,0,no_guidance
5.288103818893433,0,-0.11916952296433711,0.9636213673176703,1.1453500932095566,-1.2828929226265757,-1.1149731899396327,2.0596003839862504,1.6362280704892345,0,0,0,0,0,0,0,0,0,0,0,0,0,0,no_guidance
5.304781675338745,0,-0.11882824145754835,0.9636721295905964,1.1453516445996477,-1.282165498631911,-1.1149726144732761,2.059599841598068,1.6362303084449636,0,0,0,0,0,0,0,0,0,0,0,0,0,0,no_guidance
5.321479320526123,0,-0.11844387918066085,0.9637087048341133,1.145355540276039,-1.28131000299933,-1.1149712528528695,2.059600587471216,1.6362303221810135,0,0,0,0,0,0,0,0,0,0,0,0,0,0,no_guidance
5.338154077529907,0,-0.11802559605754855,0.9637345096537666,1.14536194260866,-1.280402511452714,-1.1149699303706486,2.059600599623889,1.6362260704607308,0,0,0,0,0,0,0,0,0,0,0,0,0,0,no_guidance
5.35481858253479,0,-0.11754029854661974,0.963750571728723,1.145361942609151,-1.2793315781243728,-1.114968506217003,2.0596007116163544,1.6362302852749722,0,0,0,0,0,0,0,0,0,0,0,0,0,0,no_guidance
5.371500015258789,0,-0.11699272445611918,0.9637764594407489,1.1453621820093254,-1.2781417406653521,-1.1149678958654403,2.0595968913897287,1.6362297200742735,0,0,0,0,0,0,0,0,0,0,0,0,0,0,no_guidance
5.388165712356567,0,-0.11640528197223422,0.9637978160257827,1.145362420885747,-1.276958926930932,-1.114965861360232,2.0595917291713954,1.6362331316258416,0,0,0,0,0,0,0,0,0,0,0,0,0,0,no_guidance
5.404839515686035,0,-0.1157825214373925,0.9638143248205374,1.145360272173462,-1.2757129214874292,-1.114967183734782,2.059591003180248,1.636236027305328,0,0,0,0,0,0,0,0,0,0,0,0,0,0,no_guidance
5.421523809432983,0,-0.11516586621179711,0.9638240300047065,1.145363692517866,-1.274516153249361,-1.1149658613061753,2.059586628999633,1.636237553134327,0,0,0,0,0,0,0,0,0,0,0,0,0,0,no_guidance
5.438217401504517,0,-0.11460064438649493,0.9638357302835368,1.1453583233314666,-1.273451812418053,-1.1149665283750032,2.0595873410701753,1.6362382652676768,0,0,0,0,0,0,0,0,0,0,0,0,0,0,no_guidance
5.4548633098602295,0,-0.11403340374980893,0.9638622170883139,1.1453619426091513,-1.2724036065614523,-1.1149619993433315,2.059588053146998,1.6362382652676768,0,0,0,0,0,0,0,0,0,0,0,0,0,0,no_guidance
5.471548318862915,0,-0.11351666104055885,0.9638885802996822,1.1453636130450064,-1.271458459774628,-1.1149564528725548,2.059588765223821,1.636242503820194,0,0,0,0,0,0,0,0,0,0,0,0,0,0,no_guidance
5.488212585449219,0,-0.11305857061069531,0.9639146260231904,1.1453619426091513,-1.2706644099015774,-1.1149558034366147,2.059588053146998,1.636240272165275,0,0,0,0,0,0,0,0,0,0,0,0,0,0,no_guidance
5.5049214363098145,0,-0.11256003080010893,0.9639644535120789,1.1453636130450064,-1.2698547845741806,-1.1149550911982855,2.0595884120111108,1.636245271592916,0,0,0,0,0,0,0,0,0,0,0,0,0,0,no_guidance
5.521592140197754,0,-0.11203252855644681,0.9640443424636038,1.1453602721732958,-1.2690437858703645,-1.1149550911982855,2.0595859164320096,1.636249323340673,0,0,0,0,0,0,0,0,0,0,0,0,0,0,no_guidance
5.538278579711914,0,-0.11153252248867067,0.9641369850710212,1.1453619151370515,-1.2682948811272692,-1.1149564136266708,2.0595873410695105,1.6362478020108406,0,0,0,0,0,0,0,0,0,0,0,0,0,0,no_guidance
5.554959774017334,0,-0.11102343035926045,0.9642335932957733,1.1453636130449545,-1.26749745695238,-1.1149558032751083,2.05958487423261,1.6362540897382982,0,0,0,0,0,0,0,0,0,0,0,0,0,0,no_guidance
5.571643590927124,0,-0.11058030667728062,0.9643218572280038,1.145362859050344,-1.2667928082148137,-1.1149564136266708,2.0595880531467765,1.6362533841845057,0,0,0,0,0,0,0,0,0,0,0,0,0,0,no_guidance
5.588335037231445,0,-0.11004314825458929,0.9644427151221063,1.1453608708574592,-1.2658923392489336,-1.1149550911982855,2.0595880531469977,1.6362492558343542,0,0,0,0,0,0,0,0,0,0,0,0,0,0,no_guidance
5.605020046234131,0,-0.10958268710414534,0.9645444619796854,1.1453628702808056,-1.2651005413021108,-1.1149544808467229,2.059587341070175,1.636251269962017,0,0,0,0,0,0,0,0,0,0,0,0,0,0,no_guidance
5.6216747760772705,0,-0.10910259067711853,0.9646525438245088,1.145366460050976,-1.2642367392376326,-1.1149558027726465,2.0595887652238205,1.636255914597443,0,0,0,0,0,0,0,0,0,0,0,0,0,0,no_guidance
5.638381719589233,0,-0.10864362838294517,0.9647041124309026,1.1453636037368953,-1.2634105141147314,-1.1149544808467227,2.0595917152563725,1.6362590978933427,0,0,0,0,0,0,0,0,0,0,0,0,0,0,no_guidance
5.655041694641113,0,-0.10824542369395491,0.9647117038680179,1.1453705457223036,-1.2627064063309061,-1.1149537687698998,2.059590291102727,1.636263633001576,0,0,0,0,0,0,0,0,0,0,0,0,0,0,no_guidance
5.6717424392700195,0,-0.10783415120554707,0.9647148180198998,1.1453630582407897,-1.2620014496061316,-1.1149526193358805,2.0595902911020625,1.6362624480153967,0,0,0,0,0,0,0,0,0,0,0,0,0,0,no_guidance
5.688419580459595,0,-0.10742071608124633,0.9647142200097627,1.145365007082604,-1.261294493824193,-1.1149526831067176,2.0595894773006433,1.6362589282109736,0,0,0,0,0,0,0,0,0,0,0,0,0,0,no_guidance
5.705100774765015,0,-0.10701514052395623,0.9647185555252641,1.145368160672489,-1.2606390925983268,-1.114947085230554,2.0595910031795497,1.6362618612894668,0,0,0,0,0,0,0,0,0,0,0,0,0,0,no_guidance
5.721754312515259,0,-0.10661075624420932,0.9647180654365708,1.1453705455715595,-1.2599931919193077,-1.1149470677798758,2.0595894773006433,1.6362621070717434,0,0,0,0,0,0,0,0,0,0,0,0,0,0,no_guidance
5.738426685333252,0,-0.10622367761366898,0.9647180952942159,1.1453705728551897,-1.2594484755382023,-1.1149456434647242,2.0595887652238205,1.6362590393554648,0,0,0,0,0,0,0,0,0,0,0,0,0,0,no_guidance
5.75509238243103,0,-0.10589436566436564,0.9647164248583608,1.1453722436302585,-1.2590089634447774,-1.1149483900467554,2.0595880531469977,1.6362629209276673,0,0,0,0,0,0,0,0,0,0,0,0,0,0,no_guidance
5.771775960922241,0,-0.1055691859649966,0.9647164248583608,1.1453762190681316,-1.2586062664958009,-1.1149456434647242,2.0595894773006433,1.6362588050089073,0,0,0,0,0,0,0,0,0,0,0,0,0,0,no_guidance
5.788455009460449,0,-0.10526123208169914,0.9647164248583608,1.1453824224303015,-1.2582567073056732,-1.1149470676183701,2.0595894773006433,1.6362629209276618,0,0,0,0,0,0,0,0,0,0,0,0,0,0,no_guidance
5.805148363113403,0,-0.10500675561687887,0.9647180952942161,1.145382422430922,-1.2579579039403403,-1.1149470676183701,2.0595894773006433,1.63626292092767,0,0,0,0,0,0,0,0,0,0,0,0,0,0,no_guidance
5.821798324584961,0,-0.10476997247948677,0.9647147544225055,1.1453807519946182,-1.2576756930840096,-1.114946355541547,2.0595917152563725,1.6362554949836596,0,0,0,0,0,0,0,0,0,0,0,0,0,0,no_guidance
5.838487148284912,0,-0.10454809894886867,0.9647180952942161,1.1453865203100044,-1.2573956028198483,-1.1149470676183701,2.0595894773006433,1.636261395048764,0,0,0,0,0,0,0,0,0,0,0,0,0,0,no_guidance
5.855144262313843,0,-0.10436568768144024,0.9647164248583608,1.1453790818858616,-1.2571443305337764,-1.1149470676183701,2.059590291102727,1.63626139504677,0,0,0,0,0,0,0,0,0,0,0,0,0,0,no_guidance
5.871833801269531,0,-0.10417003634301554,0.9647164248583608,1.1453882669482314,-1.25688767627282,-1.1149476779699325,2.0595894773006433,1.6362591570930347,0,0,0,0,0,0,0,0,0,0,0,0,0,0,no_guidance
5.888495445251465,0,-0.10396064216530122,0.9647164248583608,1.1453875800026343,-1.2565894605727472,-1.114946355541547,2.0595910031795497,1.636252909466624,0,0,0,0,0,0,0,0,0,0,0,0,0,0,no_guidance
5.905186891555786,0,-0.103731787685909,0.9647217145719025,1.1453856410812908,-1.2562713054380859,-1.1149470676183701,2.0595894773006433,1.6362591570923455,0,0,0,0,0,0,0,0,0,0,0,0,0,0,no_guidance
5.921856641769409,0,-0.10346399024327155,0.9647270042854442,1.145379403828972,-1.2558994238825125,-1.114946355541547,2.059590291102727,1.6362613945582654,0,0,0,0,0,0,0,0,0,0,0,0,0,0,no_guidance
5.938560247421265,0,-0.1031668997996233,0.9647285524997339,1.1453810300971152,-1.255512232377722,-1.114946355541547,2.0595887652238205,1.6362565528426436,0,0,0,0,0,0,0,0,0,0,0,0,0,0,no_guidance
5.955245733261108,0,-0.10285900878216675,0.9647334402364895,1.1453812273744286,-1.2551267211522277,-1.1149470676183701,2.059587341070175,1.6362569189678215,0,0,0,0,0,0,0,0,0,0,0,0,0,0,no_guidance
5.971915006637573,0,-0.10256610497434909,0.9647298223093935,1.145381306799333,-1.2547676609344318,-1.1149456434647242,2.0595880531469977,1.6362572269211666,0,0,0,0,0,0,0,0,0,0,0,0,0,0,no_guidance
5.988583087921143,0,-0.10224368929630209,0.96473344158708,1.1453754887720469,-1.2544013166303185,-1.114946355541547,2.0595880531463333,1.636256188764341,0,0,0,0,0,0,0,0,0,0,0,0,0,0,no_guidance
6.0052735805511475,0,-0.10193701427434355,0.9647324731614854,1.145380752006881,-1.2540485895158209,-1.1149476779699325,2.0595887652238205,1.6362539147668398,0,0,0,0,0,0,0,0,0,0,0,0,0,0,no_guidance
6.021951913833618,0,-0.10160286730515598,0.9647349205160912,1.1453790818858116,-1.2536895365644276,-1.1149470676183701,2.059586628993352,1.6362500213643056,0,0,0,0,0,0,0,0,0,0,0,0,0,0,no_guidance
6.03862738609314,0,-0.1012703506283835,0.9647435607826012,1.145380751994668,-1.253325948408948,-1.1149476779699325,2.059587341070175,1.636255089568221,0,0,0,0,0,0,0,0,0,0,0,0,0,0,no_guidance
6.055289268493652,0,-0.1009770985356188,0.9647588779389535,1.1453754622810766,-1.2529861872093155,-1.1149476779699325,2.059586628993352,1.6362510296240649,0,0,0,0,0,0,0,0,0,0,0,0,0,0,no_guidance
6.071984767913818,0,-0.10071541969854887,0.9647784345239666,1.1453713238259198,-1.2526862276330326,-1.114947638724076,2.0595880530752178,1.6362522835415052,0,0,0,0,0,0,0,0,0,0,0,0,0,0,no_guidance
6.088657379150391,0,-0.10046725681628094,0.9648027155392123,1.1453732885875363,-1.2523741284775585,-1.114945643464724,2.059588048786347,1.636249220193672,0,0,0,0,0,0,0,0,0,0,0,0,0,0,no_guidance
6.105334758758545,0,-0.10022640601892593,0.9648431506053113,1.1453727199791086,-1.2520638222516152,-1.1149456434647242,2.059588725977964,1.6362492009013234,0,0,0,0,0,0,0,0,0,0,0,0,0,0,no_guidance
6.121995449066162,0,-0.09999798071785536,0.9648993203320043,1.145374430999735,-1.2517604700037563,-1.114946355541547,2.0595894773006425,1.636254025820992,0,0,0,0,0,0,0,0,0,0,0,0,0,0,no_guidance
6.1387035846710205,0,-0.09976656163070323,0.9649667416152181,1.1453705731948538,-1.2514554456635678,-1.1149470676183701,2.059587341070175,1.6362521914651387,0,0,0,0,0,0,0,0,0,0,0,0,0,0,no_guidance
6.155375242233276,0,-0.09956269495915467,0.9650460077244188,1.145368902758548,-1.2511789861929539,-1.1149470676183701,2.0595887652238205,1.6362485279561145,0,0,0,0,0,0,0,0,0,0,0,0,0,0,no_guidance
6.172037601470947,0,-0.09938141283707776,0.9651445571847391,1.1453681518168062,-1.2509351986350952,-1.114946355541547,2.0595924273331954,1.636254024207931,0,0,0,0,0,0,0,0,0,0,0,0,0,0,no_guidance
6.188711166381836,0,-0.09918104912416932,0.9652545185456597,1.1453722314161918,-1.250684940653269,-1.114946355541547,2.0595924275027766,1.6362549714620287,0,0,0,0,0,0,0,0,0,0,0,0,0,0,no_guidance
6.205392599105835,0,-0.09896630956327829,0.9653964082444986,1.1453683437697864,-1.2504285062371396,-1.1149483900467554,2.059595005315027,1.6362541463307696,0,0,0,0,0,0,0,0,0,0,0,0,0,0,no_guidance
6.2220611572265625,0,-0.09875749799005461,0.9655344792698097,1.145360357753358,-1.2501865481401515,-1.1149470676183701,2.05959719393194,1.6362550149668666,0,0,0,0,0,0,0,0,0,0,0,0,0,0,no_guidance
6.23874568939209,0,-0.09853947992777172,0.9656929614481718,1.1453602748699636,-1.2499246614026802,-1.1149476779699325,2.059595438585163,1.6362531366517747,0,0,0,0,0,0,0,0,0,0,0,0,0,0,no_guidance
6.255416631698608,0,-0.09831286171583967,0.9658778770650436,1.1453572111618495,-1.249656394959959,-1.1149483900467554,2.0596014190641356,1.6362613800227275,0,0,0,0,0,0,0,0,0,0,0,0,0,0,no_guidance
6.272100925445557,0,-0.09809876023764853,0.9660689961209593,1.1453595604590017,-1.2493819062814269,-1.1149476779699325,2.0596040462645773,1.636262920766164,0,0,0,0,0,0,0,0,0,0,0,0,0,0,no_guidance
6.2887725830078125,0,-0.09787169596599579,0.9662793867142644,1.1453607950249507,-1.249065143371418,-1.1149483900467554,2.0596109506789118,1.6362598691698576,0,0,0,0,0,0,0,0,0,0,0,0,0,0,no_guidance
6.305460691452026,0,-0.09762035119170188,0.9665026586143364,1.1453607951614606,-1.2487165717067774,-1.1149470676183701,2.0596273167631947,1.6362613948693132,0,0,0,0,0,0,0,0,0,0,0,0,0,0,no_guidance
6.322127819061279,0,-0.09734816654000973,0.9667395689477728,1.1453669674814684,-1.248330163417068,-1.1149476779699325,2.0596557498539565,1.6362562070604825,0,0,0,0,0,0,0,0,0,0,0,0,0,0,no_guidance
6.338811874389648,0,-0.09707319159037194,0.9669693137488431,1.145362493805528,-1.247927373225088,-1.1149483900467554,2.0597233657833467,1.636261395048764,0,0,0,0,0,0,0,0,0,0,0,0,0,0,no_guidance
6.355501890182495,0,-0.09677488155506059,0.9672185679819432,1.145363418153522,-1.2474608088247219,-1.1149470676183701,2.0598945609474137,1.6362546811815764,0,0,0,0,0,0,0,0,0,0,0,0,0,0,no_guidance
6.372175216674805,0,-0.09647114292478898,0.9674672388406407,1.145370853667014,-1.2469957330666135,-1.1149476779699325,2.060065874244771,1.6362606829719408,0,0,0,0,0,0,0,0,0,0,0,0,0,0,no_guidance
6.388854026794434,0,-0.09618739271001422,0.967683714806256,1.1453725260653227,-1.246565783499499,-1.1149483900467554,2.0602342755088854,1.6362577328855537,0,0,0,0,0,0,0,0,0,0,0,0,0,0,no_guidance
6.4055259227752686,0,-0.09588409505836355,0.9678966656369871,1.1453750573315251,-1.246120954137323,-1.114949000398318,2.0604493831821196,1.6362562070604825,0,0,0,0,0,0,0,0,0,0,0,0,0,0,no_guidance
6.422178506851196,0,-0.09559198317377415,0.9680799173037584,1.1453775330044258,-1.2457084778311882,-1.1149483900467554,2.060759582927333,1.6362606829719408,0,0,0,0,0,0,0,0,0,0,0,0,0,0,no_guidance
6.438857555389404,0,-0.0952578316215087,0.9682655491856208,1.1453792037791901,-1.2452566937167053,-1.1149476779699325,2.0611744919683623,1.6362583272248066,0,0,0,0,0,0,0,0,0,0,0,0,0,0,no_guidance
6.455557823181152,0,-0.09488182259184029,0.9684527480308698,1.145375862907945,-1.2447646235553185,-1.114949000398318,2.0615913839066096,1.636258444854705,0,0,0,0,0,0,0,0,0,0,0,0,0,0,no_guidance
6.472241640090942,0,-0.09446167155595046,0.9686354796845215,1.1453792037796553,-1.2442036286995632,-1.114949000398318,2.06193026598713,1.63626292092767,0,0,0,0,0,0,0,0,0,0,0,0,0,0,no_guidance
6.488945722579956,0,-0.09394782368188775,0.9688494935376447,1.1453789565307586,-1.2434513138742507,-1.1149483900467554,2.062273902520044,1.6362621071255867,0,0,0,0,0,0,0,0,0,0,0,0,0,0,no_guidance
6.505616664886475,0,-0.09335850844126511,0.9690908799605747,1.1453791763075538,-1.242533342117063,-1.114949000398318,2.0626221313799893,1.6362599869074275,0,0,0,0,0,0,0,0,0,0,0,0,0,0,no_guidance
6.522289514541626,0,-0.09269935657987324,0.9693240032636533,1.1453842462317385,-1.2414538482885515,-1.1149483900467554,2.06296532872754,1.6362621071255876,0,0,0,0,0,0,0,0,0,0,0,0,0,0,no_guidance
6.5389509201049805,0,-0.09203433256638846,0.9695489690836893,1.1453828230573362,-1.240303774792725,-1.1149476779699325,2.063343856993387,1.6362570368748754,0,0,0,0,0,0,0,0,0,0,0,0,0,0,no_guidance
6.555639266967773,0,-0.0912662516993908,0.9698107388622973,1.1453929984235443,-1.2389184294533822,-1.1149476779699325,2.0637482669655287,1.6362562086755392,0,0,0,0,0,0,0,0,0,0,0,0,0,0,no_guidance
6.572320938110352,0,-0.0903917871543918,0.9701141502128494,1.1453978904913413,-1.2373613825698786,-1.114946355541547,2.0641228884167027,1.6362613994094146,0,0,0,0,0,0,0,0,0,0,0,0,0,0,no_guidance
6.589015007019043,0,-0.08950443896827677,0.9703813943291592,1.14539252175738,-1.2358035026100782,-1.1149470676183701,2.064426091629337,1.6362606829741564,0,0,0,0,0,0,0,0,0,0,0,0,0,0,no_guidance
6.605693817138672,0,-0.0885042227873692,0.9706954864187879,1.1453943028236218,-1.2340418038012468,-1.1149470676183701,2.0647013512232664,1.6362639805658732,0,0,0,0,0,0,0,0,0,0,0,0,0,0,no_guidance
6.622363328933716,0,-0.08747026140718635,0.971015726059198,1.1453997909683444,-1.2322774039734699,-1.1149470676183701,2.064887052043512,1.6362649391367723,0,0,0,0,0,0,0,0,0,0,0,0,0,0,no_guidance
6.639044284820557,0,-0.08647039402423999,0.9713044144045668,1.1454002986815057,-1.2306286571590828,-1.1149476779699325,2.064981856884236,1.636261884955334,0,0,0,0,0,0,0,0,0,0,0,0,0,0,no_guidance
6.655702590942383,0,-0.08531192924607148,0.9716520672901249,1.145392907361781,-1.2287842931381106,-1.1149470676183701,2.0649818336495223,1.636265876234223,0,0,0,0,0,0,0,0,0,0,0,0,0,0,no_guidance
6.672383546829224,0,-0.08408955699265121,0.9720841960786063,1.14539789188904,-1.226822365356531,-1.114946355541547,2.064984557903269,1.6362639254645919,0,0,0,0,0,0,0,0,0,0,0,0,0,0,no_guidance
6.689082384109497,0,-0.08289489422434713,0.972563383302508,1.1454096179808475,-1.2248652608126644,-1.114942633586099,2.064987268929411,1.6362676892932706,0,0,0,0,0,0,0,0,0,0,0,0,0,0,no_guidance
6.7057554721832275,0,-0.08160513916512434,0.973062461165408,1.145408943455328,-1.2228415723051058,-1.11494238335738,2.0649920422490022,1.6362646375414398,0,0,0,0,0,0,0,0,0,0,0,0,0,0,no_guidance
6.722440719604492,0,-0.0803047125385036,0.9735688113515165,1.1453976583625174,-1.22085629778994,-1.11493971013894,2.06498848191897,1.6362719278517694,0,0,0,0,0,0,0,0,0,0,0,0,0,0,no_guidance
6.73911452293396,0,-0.07913227617791184,0.9740636696862031,1.1454046096634447,-1.21907628321429,-1.1149395701075848,2.0649899060726162,1.6362724426299775,0,0,0,0,0,0,0,0,0,0,0,0,0,0,no_guidance
6.755786895751953,0,-0.0779287861921127,0.974620719279952,1.1454096209710105,-1.2172755288245034,-1.1149395701075813,2.0649932085576066,1.636269405912357,0,0,0,0,0,0,0,0,0,0,0,0,0,0,no_guidance
6.77245306968689,0,-0.0766480860429636,0.9751744579637218,1.1453992973835354,-1.2154646444935986,-1.1149402707192801,2.064991370548657,1.636277330104501,0,0,0,0,0,0,0,0,0,0,0,0,0,0,no_guidance
6.789133071899414,0,-0.07543814477333483,0.9757420241193799,1.1453904554654197,-1.2136907575617342,-1.1149409143389988,2.0649870912269694,1.6362880071474155,0,0,0,0,0,0,0,0,0,0,0,0,0,0,no_guidance
6.805811166763306,0,-0.07413670857266262,0.9764229730011278,1.1453959817627302,-1.2117150838886204,-1.1149395919106135,2.064985531892401,1.6362891192783235,0,0,0,0,0,0,0,0,0,0,0,0,0,0,no_guidance
6.822491884231567,0,-0.07283979110222374,0.9771362995969208,1.1453952668327105,-1.2097923316319532,-1.114939552664757,2.0649917000851965,1.6362923623804673,0,0,0,0,0,0,0,0,0,0,0,0,0,0,no_guidance
6.83918023109436,0,-0.07162566355372031,0.9777676727482687,1.1453836560347144,-1.208032309210807,-1.1149395526647568,2.0649869575714512,1.6363023183096488,0,0,0,0,0,0,0,0,0,0,0,0,0,0,no_guidance
6.855834484100342,0,-0.07042854253382176,0.9783894475198833,1.1453828510025128,-1.2063520818658595,-1.1149434436559675,2.064986283209393,1.6363102639626181,0,0,0,0,0,0,0,0,0,0,0,0,0,0,no_guidance
6.87252140045166,0,-0.06937891160334755,0.9789948635970446,1.1453864033288281,-1.204878403079893,-1.1149410320765933,2.064986257045194,1.6363179097016096,0,0,0,0,0,0,0,0,0,0,0,0,0,0,no_guidance
6.8891966342926025,0,-0.06841169140432803,0.9795481682529564,1.145379203779661,-1.2035651275627801,-1.1149402778773705,2.0649832939486346,1.636337631471492,0,0,0,0,0,0,0,0,0,0,0,0,0,0,no_guidance
6.905879974365234,0,-0.06739823594735918,0.980172598389282,1.1453730727531952,-1.2021522781983416,-1.114940383986535,2.0649832939306894,1.6363850660897215,0,0,0,0,0,0,0,0,0,0,0,0,0,0,no_guidance
6.922544002532959,0,-0.06642888617425399,0.9808379767346604,1.1453763857557084,-1.2007202935928512,-1.1149419408671923,2.0649832939306894,1.6366257458337974,0,0,0,0,0,0,0,0,0,0,0,0,0,0,no_guidance
6.939264535903931,0,-0.06553808199787134,0.9815310050417125,1.1453816754692479,-1.1993446155123606,-1.1149412283058602,2.064984466590904,1.6368245461603395,0,0,0,0,0,0,0,0,0,0,0,0,0,0,no_guidance
6.955897569656372,0,-0.06461706532546331,0.9822392040157714,1.1453897744121342,-1.197917903869932,-1.1149415886297211,2.0649855318864154,1.6369872400285175,0,0,0,0,0,0,0,0,0,0,0,0,0,0,no_guidance
6.9725658893585205,0,-0.06373555157231513,0.9828864116314002,1.145379837535562,-1.1965661641799639,-1.1149451136456596,2.0649848198275405,1.6371007106061626,0,0,0,0,0,0,0,0,0,0,0,0,0,0,no_guidance
6.989242076873779,0,-0.06291212788370705,0.98358170533222,1.1453837446335926,-1.1952491723266954,-1.1149419361849284,2.0649832939306894,1.6371325806910622,0,0,0,0,0,0,0,0,0,0,0,0,0,0,no_guidance
7.0059075355529785,0,-0.062180958184535465,0.984196203795781,1.1453877714001428,-1.194082626645013,-1.114941934731296,2.0649869560400647,1.6371636257115398,0,0,0,0,0,0,0,0,0,0,0,0,0,0,no_guidance
7.022609233856201,0,-0.06147843815018957,0.9847719543920713,1.1453838215530434,-1.1929924072333606,-1.114941587169973,2.0649897762338996,1.63719446728635,0,0,0,0,0,0,0,0,0,0,0,0,0,0,no_guidance
7.039275169372559,0,-0.060845526519605356,0.9853089461097305,1.145387171556306,-1.1920164760250578,-1.1149410320945137,2.0649881334178586,1.6372191929877586,0,0,0,0,0,0,0,0,0,0,0,0,0,0,no_guidance
7.0559632778167725,0,-0.060259753468536265,0.9857732765821852,1.1453881071703291,-1.1911000219457635,-1.1149426524595014,2.0649869565246086,1.6372374223848476,0,0,0,0,0,0,0,0,0,0,0,0,0,0,no_guidance
7.0726258754730225,0,-0.05961665614705391,0.986224379036623,1.1453862072550531,-1.190094101727085,-1.1149458313738887,2.064988835133674,1.63723826902051,0,0,0,0,0,0,0,0,0,0,0,0,0,0,no_guidance
7.089307069778442,0,-0.05894593759794841,0.9866395509074833,1.1453864452995404,-1.189065944358997,-1.1149448053362188,2.064993590076074,1.6372407947298302,0,0,0,0,0,0,0,0,0,0,0,0,0,0,no_guidance
7.105982542037964,0,-0.05832596340995805,0.9869741864584941,1.1453930955978198,-1.1881081324656044,-1.114941979682663,2.0649953848793716,1.6372437447624073,0,0,0,0,0,0,0,0,0,0,0,0,0,0,no_guidance
7.122653007507324,0,-0.05768648562016009,0.9872732115795969,1.145397488114427,-1.1870483428028986,-1.114943005835008,2.064995386521021,1.6372399810892775,0,0,0,0,0,0,0,0,0,0,0,0,0,0,no_guidance
7.139325380325317,0,-0.05704608075325222,0.9875312588566307,1.1454019502583157,-1.1859609896310161,-1.114940875093153,2.065000154650567,1.6372415068066783,0,0,0,0,0,0,0,0,0,0,0,0,0,0,no_guidance
7.156013250350952,0,-0.0564508258213244,0.9877088901921831,1.1454083409281481,-1.1850021961729795,-1.1149419404026137,2.065004403457175,1.6372392688509492,0,0,0,0,0,0,0,0,0,0,0,0,0,0,no_guidance
7.172669410705566,0,-0.0558710835911893,0.9878158986306466,1.1454032940120058,-1.1841085736049475,-1.1149412283118363,2.0650042111871314,1.6372392688509492,0,0,0,0,0,0,0,0,0,0,0,0,0,0,no_guidance
7.189371347427368,0,-0.05530313844114221,0.9878586648392833,1.1453996163123286,-1.1832783191471372,-1.114942659892117,2.0650038996537523,1.6372422188835012,0,0,0,0,0,0,0,0,0,0,0,0,0,0,no_guidance
7.206036567687988,0,-0.05476654531791092,0.9878924280034116,1.1454028318364293,-1.18252620063079,-1.1149434438203782,2.0650034992801465,1.637238556774126,0,0,0,0,0,0,0,0,0,0,0,0,0,0,no_guidance
7.222714185714722,0,-0.05421686726048092,0.9878996513585635,1.1454008377846887,-1.181757132028662,-1.11494158765458,2.065009870503433,1.6372430326855845,0,0,0,0,0,0,0,0,0,0,0,0,0,0,no_guidance
7.239386796951294,0,-0.05371303386392501,0.9878951808257768,1.1454122115426748,-1.1810636746938508,-1.1149415892697592,2.065009930054346,1.6372415068066783,0,0,0,0,0,0,0,0,0,0,0,0,0,0,no_guidance
7.25603985786438,0,-0.053284523445129205,0.987880006029116,1.1454326353702609,-1.1805167356383846,-1.1149409143392204,2.065016121852799,1.63723703089522,0,0,0,0,0,0,0,0,0,0,0,0,0,0,no_guidance
7.272720813751221,0,-0.05286768548487104,0.9878731085124218,1.1454452892295814,-1.1800023704819556,-1.1149408765466926,2.0650264535008964,1.637235606741574,0,0,0,0,0,0,0,0,0,0,0,0,0,0,no_guidance
7.289393424987793,0,-0.0524604322602754,0.9878740768125879,1.1454474705768494,-1.179552580026489,-1.1149468914985259,2.0650442797258752,1.6372316140251026,0,0,0,0,0,0,0,0,0,0,0,0,0,0,no_guidance
7.306079387664795,0,-0.05210200379198006,0.9878730303858368,1.1454508393972618,-1.1791977566667693,-1.114940875094135,2.0650769814945225,1.6372385567740522,0,0,0,0,0,0,0,0,0,0,0,0,0,0,no_guidance
7.322727680206299,0,-0.05174272303662409,0.9878800685362429,1.1454516174117002,-1.1788437785462957,-1.114941587332135,2.065129890598963,1.63723703089522,0,0,0,0,0,0,0,0,0,0,0,0,0,0,no_guidance
7.3394317626953125,0,-0.051392568996599296,0.9878800685350693,1.1454479868198004,-1.1785355980585597,-1.1149424171458635,2.0651692812597964,1.6372392688327826,0,0,0,0,0,0,0,0,0,0,0,0,0,0,no_guidance
7.356098890304565,0,-0.05108065245492631,0.9878779623986108,1.1454433400994126,-1.1782479483128816,-1.114946577206964,2.065168031242154,1.6372338505272817,0,0,0,0,0,0,0,0,0,0,0,0,0,0,no_guidance
7.3727734088897705,0,-0.0508347684668553,0.9878783717672251,1.14543796503472,-1.177992777244093,-1.1149496725085901,2.065166971610035,1.637238556773166,0,0,0,0,0,0,0,0,0,0,0,0,0,0,no_guidance
7.389462232589722,0,-0.05058378127533946,0.9878853582142658,1.1454396345238937,-1.1777291147610032,-1.1149489988729133,2.065181539666015,1.6372323209012596,0,0,0,0,0,0,0,0,0,0,0,0,0,0,no_guidance
7.406170845031738,0,-0.050337263225457944,0.9878800685362434,1.1454415833657248,-1.1774340370156975,-1.1149480305292723,2.06520879077337,1.6372308536062385,0,0,0,0,0,0,0,0,0,0,0,0,0,0,no_guidance
